order_id,verdict,score,confidence,explanation,created_at
1,accepted,4.57,0.79,Работы соответствуют проблеме,2026-07-06T18:47:41.577213+05:00
2,accepted,4.27,0.84,Работы соответствуют проблеме,2026-07-06T13:24:38.678691+05:00
3,accepted,4.67,0.79,Работы соответствуют проблеме,2026-07-06T14:29:07.594894+05:00
4,accepted,4.47,0.94,Работы соответствуют проблеме,2026-07-06T12:11:08.853828+05:00
5,accepted,4.33,0.81,Работы соответствуют проблеме,2026-07-06T13:02:20.219263+05:00
6,accepted,4.66,0.74,Работы соответствуют проблеме,2026-07-06T13:32:25.640506+05:00
7,accepted,4.52,0.71,Работы соответствуют проблеме,2026-07-06T19:47:16.118066+05:00
8,accepted_with_remarks,3.66,0.88,Есть замечания к качеству,2026-07-07T10:51:51.027273+05:00
9,accepted,4.62,0.91,Работы соответствуют проблеме,2026-07-07T12:43:32.805937+05:00
10,accepted,4.21,0.74,Работы соответствуют проблеме,2026-07-07T16:33:51.489246+05:00
11,accepted,4.45,0.86,Работы соответствуют проблеме,2026-07-07T20:39:53.986994+05:00
12,accepted,4.37,0.9,Работы соответствуют проблеме,2026-07-08T06:06:59.407286+05:00
13,accepted_with_remarks,3.51,0.76,Есть замечания к качеству,2026-07-08T11:34:33.144495+05:00
14,accepted,4.23,0.83,Работы соответствуют проблеме,2026-07-08T11:57:40.055770+05:00
15,accepted,4.18,0.76,Работы соответствуют проблеме,2026-07-08T15:13:42.746690+05:00
16,accepted,4.1,0.83,Работы соответствуют проблеме,2026-07-09T18:26:25.556163+05:00
17,accepted,5,0.9,Работы соответствуют проблеме,2026-07-09T10:52:21.106667+05:00
18,accepted,4.86,0.92,Работы соответствуют проблеме,2026-07-09T14:03:42.637572+05:00
19,accepted,4.55,0.9,Работы соответствуют проблеме,2026-07-09T12:32:26.851594+05:00
20,accepted,4.43,0.9,Работы соответствуют проблеме,2026-07-09T19:29:58.867778+05:00
21,accepted_with_remarks,3.93,0.93,Есть замечания к качеству,2026-07-10T05:55:25.461464+05:00
22,accepted,4.39,0.75,Работы соответствуют проблеме,2026-07-10T13:01:25.132459+05:00
23,accepted,4.3,0.78,Работы соответствуют проблеме,2026-07-10T14:39:42.834467+05:00
24,accepted_with_remarks,3.89,0.75,Есть замечания к качеству,2026-07-11T03:50:19.584700+05:00
25,accepted,4.47,0.75,Работы соответствуют проблеме,2026-07-11T06:31:28.157122+05:00
26,accepted,4.94,0.75,Работы соответствуют проблеме,2026-07-11T07:20:14.482561+05:00
27,accepted,4.46,0.95,Работы соответствуют проблеме,2026-07-11T11:26:05.538471+05:00
28,accepted,4.17,0.87,Работы соответствуют проблеме,2026-07-11T15:02:09.933801+05:00
29,needs_master_review,2.6,0.9,Есть замечания к качеству,2026-07-11T11:55:52.525161+05:00
30,accepted,4.63,0.83,Работы соответствуют проблеме,2026-07-11T11:54:51.908575+05:00
31,accepted,4.49,0.83,Работы соответствуют проблеме,2026-07-11T14:24:21.515771+05:00
32,accepted,4.92,0.73,Работы соответствуют проблеме,2026-07-12T11:19:22.753153+05:00
33,accepted_with_remarks,3.12,0.74,Есть замечания к качеству,2026-07-12T10:35:37.309112+05:00
34,accepted,4.09,0.78,Работы соответствуют проблеме,2026-07-12T12:00:31.522743+05:00
35,accepted,4.34,0.8,Работы соответствуют проблеме,2026-07-12T14:04:00.085945+05:00
36,rework,3.43,0.8,Требует доработки,2026-07-12T11:26:03.637410+05:00
36,accepted,4.63,0.8,Работы соответствуют проблеме,2026-07-12T12:49:21.738297+05:00
37,accepted,4.28,0.86,Работы соответствуют проблеме,2026-07-12T15:03:24.949814+05:00
38,accepted,4.18,0.94,Работы соответствуют проблеме,2026-07-12T16:22:41.572147+05:00
39,accepted,4.61,0.82,Работы соответствуют проблеме,2026-07-13T01:18:29.111278+05:00
40,accepted,4.2,0.71,Работы соответствуют проблеме,2026-07-13T12:02:52.371904+05:00
41,accepted_with_remarks,3.39,0.89,Есть замечания к качеству,2026-07-13T15:05:24.968655+05:00
42,accepted_with_remarks,3.97,0.78,Есть замечания к качеству,2026-07-13T14:43:15.181522+05:00
43,accepted,4.53,0.91,Работы соответствуют проблеме,2026-07-13T14:31:29.041020+05:00
44,rework,2.78,0.8,Требует доработки,2026-07-13T15:24:07.284554+05:00
44,accepted_with_remarks,3.98,0.73,Есть замечания к качеству,2026-07-13T18:50:27.127878+05:00
45,accepted_with_remarks,3.7,0.81,Есть замечания к качеству,2026-07-13T15:53:10.294798+05:00
46,accepted,4.71,0.94,Работы соответствуют проблеме,2026-07-13T19:44:00.920520+05:00
47,accepted,4.41,0.87,Работы соответствуют проблеме,2026-07-14T08:03:54.322787+05:00
48,accepted,4.15,0.7,Работы соответствуют проблеме,2026-07-14T13:19:52.166554+05:00
49,accepted,4.4,0.8,Работы соответствуют проблеме,2026-07-14T12:12:54.085322+05:00
50,accepted,4.41,0.85,Работы соответствуют проблеме,2026-07-14T11:53:17.667266+05:00
51,accepted,4.1,0.95,Работы соответствуют проблеме,2026-07-15T01:36:14.471643+05:00
52,accepted_with_remarks,3.45,0.77,Есть замечания к качеству,2026-07-15T11:54:49.272606+05:00
53,accepted_with_remarks,3.93,0.86,Есть замечания к качеству,2026-07-15T12:03:45.521609+05:00
54,accepted,4.33,0.81,Работы соответствуют проблеме,2026-07-15T14:45:14.577917+05:00
55,accepted,4.09,0.71,Работы соответствуют проблеме,2026-07-15T15:37:38.217281+05:00
56,accepted_with_remarks,3.97,0.76,Есть замечания к качеству,2026-07-15T22:23:56.137731+05:00
57,accepted,4.05,0.95,Работы соответствуют проблеме,2026-07-15T20:59:55.663467+05:00
58,needs_master_review,2.7,0.76,Есть замечания к качеству,2026-07-16T11:56:01.588822+05:00
59,accepted,4.39,0.81,Работы соответствуют проблеме,2026-07-16T13:15:07.808278+05:00
60,rework,2.66,0.8,Требует доработки,2026-07-16T13:12:58.238398+05:00
60,accepted_with_remarks,3.86,0.85,Есть замечания к качеству,2026-07-16T16:29:02.648147+05:00
61,accepted_with_remarks,3.83,0.77,Есть замечания к качеству,2026-07-16T13:19:49.414481+05:00
62,accepted,4.76,0.78,Работы соответствуют проблеме,2026-07-16T15:05:04.393246+05:00
63,accepted,4.02,0.8,Работы соответствуют проблеме,2026-07-16T13:44:56.818171+05:00
64,accepted,4.46,0.91,Работы соответствуют проблеме,2026-07-17T10:46:25.938774+05:00
65,accepted,4.5,0.83,Работы соответствуют проблеме,2026-07-17T12:52:11.494304+05:00
66,accepted,4.57,0.88,Работы соответствуют проблеме,2026-07-17T20:32:29.959673+05:00
67,accepted,4.03,0.9,Работы соответствуют проблеме,2026-07-18T03:41:03.884853+05:00
68,accepted,4.31,0.75,Работы соответствуют проблеме,2026-07-18T04:26:02.602359+05:00
69,accepted,4.63,0.88,Работы соответствуют проблеме,2026-07-18T09:51:39.585154+05:00
70,accepted,4.14,0.89,Работы соответствуют проблеме,2026-07-18T11:13:55.588838+05:00
71,rework,1.88,0.8,Требует доработки,2026-07-18T11:34:41.300635+05:00
71,accepted_with_remarks,3.08,0.7,Есть замечания к качеству,2026-07-18T13:01:25.001007+05:00
72,accepted,4.59,0.92,Работы соответствуют проблеме,2026-07-18T10:00:57.802547+05:00
73,accepted,4.5,0.73,Работы соответствуют проблеме,2026-07-18T10:32:04.041578+05:00
74,accepted,4.56,0.75,Работы соответствуют проблеме,2026-07-18T11:05:53.528921+05:00
75,accepted,4.17,0.88,Работы соответствуют проблеме,2026-07-18T16:20:54.749623+05:00
76,accepted_with_remarks,3.99,0.71,Есть замечания к качеству,2026-07-18T22:41:25.105407+05:00
77,accepted,4.35,0.9,Работы соответствуют проблеме,2026-07-19T10:51:59.384387+05:00
78,accepted_with_remarks,3.94,0.72,Есть замечания к качеству,2026-07-19T09:57:45.894377+05:00
79,accepted,4.57,0.71,Работы соответствуют проблеме,2026-07-19T10:31:25.914541+05:00
80,rework,2.66,0.8,Требует доработки,2026-07-19T11:52:00.224850+05:00
80,accepted_with_remarks,3.86,0.75,Есть замечания к качеству,2026-07-19T13:41:39.697805+05:00
81,accepted,4.95,0.79,Работы соответствуют проблеме,2026-07-19T14:34:51.062014+05:00
82,accepted,4.36,0.71,Работы соответствуют проблеме,2026-07-19T13:15:09.499019+05:00
83,accepted,4.06,0.93,Работы соответствуют проблеме,2026-07-19T19:59:17.342724+05:00
84,accepted,4.58,0.75,Работы соответствуют проблеме,2026-07-19T22:04:31.544672+05:00
85,accepted,4.55,0.76,Работы соответствуют проблеме,2026-07-20T12:06:52.909115+05:00
86,accepted,4.13,0.74,Работы соответствуют проблеме,2026-07-20T11:23:38.185423+05:00
87,accepted,4.76,0.87,Работы соответствуют проблеме,2026-07-20T13:15:06.922774+05:00
88,accepted_with_remarks,3.78,0.71,Есть замечания к качеству,2026-07-20T20:03:28.556419+05:00
89,accepted,4.45,0.86,Работы соответствуют проблеме,2026-07-20T12:48:56.675613+05:00
90,accepted,4.7,0.71,Работы соответствуют проблеме,2026-07-20T21:16:32.801544+05:00
91,accepted,4.2,0.83,Работы соответствуют проблеме,2026-07-21T09:17:44.465457+05:00
92,accepted,4.36,0.94,Работы соответствуют проблеме,2026-07-21T11:02:55.674598+05:00
93,accepted,4.29,0.73,Работы соответствуют проблеме,2026-07-21T08:10:07.411746+05:00
94,accepted,4.65,0.82,Работы соответствуют проблеме,2026-07-21T14:45:08.265333+05:00
95,accepted,4.63,0.76,Работы соответствуют проблеме,2026-07-21T11:50:21.521799+05:00
96,accepted_with_remarks,3.85,0.75,Есть замечания к качеству,2026-07-21T14:45:55.722414+05:00
97,accepted_with_remarks,3.27,0.77,Есть замечания к качеству,2026-07-21T15:04:52.465283+05:00
98,needs_master_review,2.99,0.78,Есть замечания к качеству,2026-07-22T12:57:37.758128+05:00
99,accepted,4.63,0.83,Работы соответствуют проблеме,2026-07-22T15:45:33.627997+05:00
100,accepted,4.07,0.95,Работы соответствуют проблеме,2026-07-22T15:13:17.759696+05:00
101,accepted,5,0.88,Работы соответствуют проблеме,2026-07-23T03:34:04.892440+05:00
102,accepted,4.37,0.84,Работы соответствуют проблеме,2026-07-23T15:13:14.883550+05:00
103,accepted,5,0.92,Работы соответствуют проблеме,2026-07-23T11:31:46.336357+05:00
104,rework,1.25,0.8,Требует доработки,2026-07-23T12:15:11.828807+05:00
104,needs_master_review,2.45,0.92,Есть замечания к качеству,2026-07-23T13:51:24.670591+05:00
105,accepted_with_remarks,3.97,0.78,Есть замечания к качеству,2026-07-23T13:29:07.891128+05:00
106,needs_master_review,2.79,0.78,Есть замечания к качеству,2026-07-24T07:45:24.715652+05:00
107,accepted,5,0.77,Работы соответствуют проблеме,2026-07-24T12:14:25.059789+05:00
108,accepted,4.42,0.81,Работы соответствуют проблеме,2026-07-24T15:11:08.901187+05:00
109,accepted,4.81,0.83,Работы соответствуют проблеме,2026-07-24T16:07:32.631010+05:00
110,accepted,4.46,0.71,Работы соответствуют проблеме,2026-07-25T11:19:52.420348+05:00
111,rework,2.11,0.8,Требует доработки,2026-07-25T16:41:22.088025+05:00
111,accepted_with_remarks,3.31,0.87,Есть замечания к качеству,2026-07-25T18:32:53.796281+05:00
112,accepted_with_remarks,3.75,0.71,Есть замечания к качеству,2026-07-25T13:22:34.230113+05:00
113,accepted,4.34,0.82,Работы соответствуют проблеме,2026-07-25T11:04:49.277712+05:00
114,accepted_with_remarks,3.34,0.95,Есть замечания к качеству,2026-07-25T15:04:37.793739+05:00
115,accepted,4.44,0.82,Работы соответствуют проблеме,2026-07-25T13:00:53.292652+05:00
116,accepted_with_remarks,3.91,0.85,Есть замечания к качеству,2026-07-25T21:45:11.929501+05:00
117,accepted,4.26,0.88,Работы соответствуют проблеме,2026-07-26T08:42:52.416995+05:00
118,accepted_with_remarks,3.81,0.74,Есть замечания к качеству,2026-07-26T12:58:17.533248+05:00
119,accepted,4.42,0.82,Работы соответствуют проблеме,2026-07-26T13:39:58.053807+05:00
120,accepted,4.36,0.87,Работы соответствуют проблеме,2026-07-26T10:06:59.772900+05:00
121,accepted,4.41,0.87,Работы соответствуют проблеме,2026-07-26T12:19:31.335555+05:00
122,accepted,4.87,0.75,Работы соответствуют проблеме,2026-07-26T13:17:41.844489+05:00
123,rework,3.84,0.8,Требует доработки,2026-07-27T04:30:12.448683+05:00
123,accepted,5,0.82,Работы соответствуют проблеме,2026-07-27T06:06:57.063707+05:00
124,accepted,4.38,0.83,Работы соответствуют проблеме,2026-07-27T13:03:55.240450+05:00
125,accepted_with_remarks,3.83,0.81,Есть замечания к качеству,2026-07-27T12:27:30.266826+05:00
126,needs_master_review,2.61,0.72,Есть замечания к качеству,2026-07-27T14:22:54.493893+05:00
127,needs_master_review,2.64,0.89,Есть замечания к качеству,2026-07-27T17:55:24.476745+05:00
128,accepted,4.42,0.9,Работы соответствуют проблеме,2026-07-27T17:53:29.632780+05:00
129,accepted,4.52,0.92,Работы соответствуют проблеме,2026-07-27T13:35:49.441029+05:00
130,accepted,4.31,0.7,Работы соответствуют проблеме,2026-07-27T23:25:51.485588+05:00
131,accepted,4.38,0.81,Работы соответствуют проблеме,2026-07-28T03:25:17.835473+05:00
132,accepted,4.04,0.78,Работы соответствуют проблеме,2026-07-28T12:39:47.991923+05:00
133,accepted_with_remarks,3.83,0.76,Есть замечания к качеству,2026-07-28T14:58:53.955888+05:00
134,accepted,4.29,0.82,Работы соответствуют проблеме,2026-07-28T12:52:23.986106+05:00
135,accepted,5,0.94,Работы соответствуют проблеме,2026-07-28T21:44:08.273058+05:00
136,accepted_with_remarks,3.91,0.88,Есть замечания к качеству,2026-07-29T04:16:30.790930+05:00
137,accepted,4.64,0.92,Работы соответствуют проблеме,2026-07-29T04:10:33.782727+05:00
138,rework,3.64,0.8,Требует доработки,2026-07-29T11:53:06.081092+05:00
138,accepted,4.84,0.73,Работы соответствуют проблеме,2026-07-29T13:36:43.501779+05:00
139,accepted,4.04,0.83,Работы соответствуют проблеме,2026-07-29T11:49:50.461576+05:00
140,accepted,4.1,0.8,Работы соответствуют проблеме,2026-07-29T17:34:21.154796+05:00
141,accepted,4.69,0.87,Работы соответствуют проблеме,2026-07-30T04:08:51.622139+05:00
142,accepted,4.22,0.81,Работы соответствуют проблеме,2026-07-30T14:12:45.406560+05:00
143,accepted,4.56,0.95,Работы соответствуют проблеме,2026-07-30T12:41:18.976484+05:00
144,accepted_with_remarks,3.81,0.92,Есть замечания к качеству,2026-07-30T11:17:57.853428+05:00
145,rework,2.64,0.8,Требует доработки,2026-07-30T21:51:22.750792+05:00
145,accepted_with_remarks,3.84,0.87,Есть замечания к качеству,2026-07-31T01:16:37.557495+05:00
146,accepted,5,0.88,Работы соответствуют проблеме,2026-07-30T13:36:49.998558+05:00
147,accepted,4.62,0.92,Работы соответствуют проблеме,2026-07-30T21:49:55.903578+05:00
148,accepted,4.33,0.91,Работы соответствуют проблеме,2026-07-31T10:45:45.044215+05:00
149,accepted,4.5,0.94,Работы соответствуют проблеме,2026-07-31T15:19:51.926739+05:00
150,accepted,4.44,0.73,Работы соответствуют проблеме,2026-08-01T06:49:03.224515+05:00
151,accepted_with_remarks,3.1,0.78,Есть замечания к качеству,2026-08-01T03:12:58.453787+05:00
152,rework,3.17,0.8,Требует доработки,2026-08-01T08:40:23.451692+05:00
152,accepted,4.37,0.9,Работы соответствуют проблеме,2026-08-01T10:00:49.573361+05:00
153,accepted_with_remarks,3.93,0.94,Есть замечания к качеству,2026-08-01T13:55:41.246189+05:00
154,rework,2.32,0.8,Требует доработки,2026-08-01T12:56:54.139905+05:00
154,accepted_with_remarks,3.52,0.92,Есть замечания к качеству,2026-08-01T14:32:05.227840+05:00
155,accepted_with_remarks,3.86,0.82,Есть замечания к качеству,2026-08-01T13:14:48.829871+05:00
156,accepted,4.01,0.72,Работы соответствуют проблеме,2026-08-01T12:40:21.191592+05:00
157,accepted,4.43,0.81,Работы соответствуют проблеме,2026-08-01T14:09:28.762876+05:00
158,rework,2.32,0.8,Требует доработки,2026-08-01T16:08:26.302672+05:00
158,accepted_with_remarks,3.52,0.89,Есть замечания к качеству,2026-08-01T16:57:34.479136+05:00
159,accepted_with_remarks,3.83,0.85,Есть замечания к качеству,2026-08-02T11:09:01.401696+05:00
160,accepted,4.34,0.82,Работы соответствуют проблеме,2026-08-02T11:20:33.335904+05:00
161,accepted_with_remarks,3.81,0.93,Есть замечания к качеству,2026-08-02T11:49:31.894198+05:00
162,accepted,4.37,0.78,Работы соответствуют проблеме,2026-08-02T11:40:28.015926+05:00
163,accepted,4.53,0.77,Работы соответствуют проблеме,2026-08-02T13:00:46.111049+05:00
164,accepted,5,0.72,Работы соответствуют проблеме,2026-08-03T04:54:48.631790+05:00
165,accepted,4.68,0.76,Работы соответствуют проблеме,2026-08-03T07:50:25.712576+05:00
166,rework,1.47,0.8,Требует доработки,2026-08-03T14:10:11.303999+05:00
166,needs_master_review,2.67,0.85,Есть замечания к качеству,2026-08-03T15:56:05.498152+05:00
167,accepted,4.06,0.93,Работы соответствуют проблеме,2026-08-03T16:50:27.923132+05:00
168,rework,2.58,0.8,Требует доработки,2026-08-03T12:48:09.368317+05:00
168,accepted_with_remarks,3.78,0.82,Есть замечания к качеству,2026-08-03T14:37:56.508749+05:00
169,accepted_with_remarks,3.81,0.88,Есть замечания к качеству,2026-08-03T13:03:27.348246+05:00
170,accepted,4.46,0.82,Работы соответствуют проблеме,2026-08-03T22:10:29.401333+05:00
171,rework,3.14,0.8,Требует доработки,2026-08-04T09:31:05.924442+05:00
171,accepted,4.34,0.83,Работы соответствуют проблеме,2026-08-04T10:26:43.807772+05:00
172,accepted,4.45,0.87,Работы соответствуют проблеме,2026-08-04T14:33:08.580753+05:00
173,accepted,4.66,0.72,Работы соответствуют проблеме,2026-08-04T12:34:28.669750+05:00
174,accepted,4.37,0.84,Работы соответствуют проблеме,2026-08-04T14:24:24.445158+05:00
175,accepted,4.16,0.77,Работы соответствуют проблеме,2026-08-05T05:53:38.166665+05:00
176,accepted,4.61,0.8,Работы соответствуют проблеме,2026-08-05T13:12:03.206231+05:00
177,accepted_with_remarks,3.49,0.83,Есть замечания к качеству,2026-08-05T12:17:09.622960+05:00
178,accepted,4.36,0.74,Работы соответствуют проблеме,2026-08-05T15:47:08.658797+05:00
179,accepted,4.53,0.71,Работы соответствуют проблеме,2026-08-06T02:15:32.945837+05:00
180,accepted_with_remarks,3.95,0.74,Есть замечания к качеству,2026-08-06T06:46:12.893497+05:00
181,accepted,4.14,0.81,Работы соответствуют проблеме,2026-08-06T10:13:59.268975+05:00
182,accepted,4.07,0.86,Работы соответствуют проблеме,2026-08-06T07:08:58.287670+05:00
183,accepted,4.5,0.75,Работы соответствуют проблеме,2026-08-06T14:46:52.077584+05:00
184,needs_master_review,2.79,0.81,Есть замечания к качеству,2026-08-06T17:34:06.693676+05:00
185,accepted,4.28,0.74,Работы соответствуют проблеме,2026-08-06T14:54:07.961863+05:00
186,accepted,4.16,0.84,Работы соответствуют проблеме,2026-08-06T14:11:38.085381+05:00
187,accepted,4.12,0.9,Работы соответствуют проблеме,2026-08-06T15:04:11.295385+05:00
188,accepted_with_remarks,3.77,0.77,Есть замечания к качеству,2026-08-06T17:41:28.346510+05:00
189,accepted,4.8,0.78,Работы соответствуют проблеме,2026-08-06T21:09:19.050665+05:00
190,rework,1.34,0.8,Требует доработки,2026-08-06T20:29:56.519135+05:00
190,needs_master_review,2.54,0.87,Есть замечания к качеству,2026-08-06T21:19:41.877543+05:00
191,accepted,4.91,0.86,Работы соответствуют проблеме,2026-08-07T02:16:06.781817+05:00
192,accepted_with_remarks,3.74,0.88,Есть замечания к качеству,2026-08-07T08:05:20.811971+05:00
193,accepted,4.05,0.73,Работы соответствуют проблеме,2026-08-07T12:40:17.293410+05:00
194,accepted,4.68,0.95,Работы соответствуют проблеме,2026-08-07T17:33:01.245158+05:00
195,accepted_with_remarks,3.87,0.91,Есть замечания к качеству,2026-08-07T12:07:56.905915+05:00
196,accepted_with_remarks,3.82,0.92,Есть замечания к качеству,2026-08-08T10:19:55.939908+05:00
197,accepted_with_remarks,3.8,0.81,Есть замечания к качеству,2026-08-08T12:39:57.024405+05:00
198,accepted,4.52,0.73,Работы соответствуют проблеме,2026-08-08T11:05:53.766100+05:00
199,accepted_with_remarks,3.93,0.94,Есть замечания к качеству,2026-08-08T12:28:26.354765+05:00
200,accepted,5,0.78,Работы соответствуют проблеме,2026-08-08T17:22:00.715106+05:00
201,accepted,4.57,0.87,Работы соответствуют проблеме,2026-08-08T19:25:40.510325+05:00
202,rework,2.31,0.8,Требует доработки,2026-08-08T21:27:48.617580+05:00
202,accepted_with_remarks,3.51,0.81,Есть замечания к качеству,2026-08-08T22:23:46.334170+05:00
203,accepted,4.01,0.85,Работы соответствуют проблеме,2026-08-09T10:40:48.619391+05:00
204,accepted_with_remarks,3.95,0.8,Есть замечания к качеству,2026-08-09T11:32:13.661492+05:00
205,accepted_with_remarks,3.75,0.85,Есть замечания к качеству,2026-08-09T13:14:52.599761+05:00
206,accepted,5,0.89,Работы соответствуют проблеме,2026-08-09T11:00:34.781011+05:00
207,accepted,4.17,0.84,Работы соответствуют проблеме,2026-08-09T14:36:22.526667+05:00
208,rework,2.63,0.8,Требует доработки,2026-08-09T12:52:15.237862+05:00
208,accepted_with_remarks,3.83,0.83,Есть замечания к качеству,2026-08-09T13:58:05.845414+05:00
209,accepted,4.14,0.71,Работы соответствуют проблеме,2026-08-10T06:30:39.590525+05:00
210,accepted_with_remarks,3.39,0.9,Есть замечания к качеству,2026-08-10T11:30:53.003764+05:00
211,accepted_with_remarks,3.82,0.76,Есть замечания к качеству,2026-08-10T13:03:26.071012+05:00
212,accepted_with_remarks,3.65,0.91,Есть замечания к качеству,2026-08-10T12:58:04.058148+05:00
213,accepted,4.35,0.87,Работы соответствуют проблеме,2026-08-10T13:13:01.456169+05:00
214,accepted,4.43,0.72,Работы соответствуют проблеме,2026-08-10T16:44:56.975332+05:00
215,accepted,4.35,0.82,Работы соответствуют проблеме,2026-08-10T13:38:46.575069+05:00
216,rework,1.97,0.8,Требует доработки,2026-08-10T18:16:46.250741+05:00
216,accepted_with_remarks,3.17,0.94,Есть замечания к качеству,2026-08-10T19:30:04.864257+05:00
217,accepted,4.35,0.89,Работы соответствуют проблеме,2026-08-11T11:58:54.426408+05:00
218,accepted,4.63,0.91,Работы соответствуют проблеме,2026-08-11T12:07:17.848771+05:00
219,accepted_with_remarks,3.42,0.81,Есть замечания к качеству,2026-08-11T19:45:41.628127+05:00
220,accepted,4.59,0.74,Работы соответствуют проблеме,2026-08-11T13:36:22.275932+05:00
221,accepted,4.47,0.82,Работы соответствуют проблеме,2026-08-11T14:51:44.430025+05:00
222,accepted,4.56,0.78,Работы соответствуют проблеме,2026-08-11T17:54:51.211127+05:00
223,accepted_with_remarks,3.99,0.92,Есть замечания к качеству,2026-08-11T18:48:17.806559+05:00
224,accepted,4.15,0.85,Работы соответствуют проблеме,2026-08-12T03:31:45.592169+05:00
225,accepted,4.52,0.91,Работы соответствуют проблеме,2026-08-12T12:31:13.478719+05:00
226,accepted,4.84,0.73,Работы соответствуют проблеме,2026-08-12T14:01:43.187479+05:00
227,accepted,4.32,0.89,Работы соответствуют проблеме,2026-08-13T02:00:54.254611+05:00
228,accepted,4.36,0.93,Работы соответствуют проблеме,2026-08-13T02:43:10.753552+05:00
229,accepted,4.23,0.84,Работы соответствуют проблеме,2026-08-13T04:27:18.448243+05:00
230,accepted_with_remarks,3.93,0.73,Есть замечания к качеству,2026-08-13T09:42:23.528746+05:00
231,accepted,4.28,0.73,Работы соответствуют проблеме,2026-08-13T12:54:50.465731+05:00
232,accepted,4.35,0.93,Работы соответствуют проблеме,2026-08-13T13:11:24.188132+05:00
233,accepted,4.8,0.71,Работы соответствуют проблеме,2026-08-13T17:03:46.731164+05:00
234,accepted,4.32,0.85,Работы соответствуют проблеме,2026-08-13T13:16:42.517471+05:00
235,accepted_with_remarks,3.73,0.82,Есть замечания к качеству,2026-08-13T19:28:37.621083+05:00
236,accepted,4.62,0.75,Работы соответствуют проблеме,2026-08-13T18:05:16.163004+05:00
237,accepted,4.59,0.93,Работы соответствуют проблеме,2026-08-13T22:14:57.647092+05:00
238,accepted,4.44,0.7,Работы соответствуют проблеме,2026-08-14T11:35:41.711245+05:00
239,accepted_with_remarks,3.71,0.72,Есть замечания к качеству,2026-08-14T13:00:45.791014+05:00
240,accepted,4.27,0.8,Работы соответствуют проблеме,2026-08-14T16:02:51.390876+05:00
241,accepted_with_remarks,3.7,0.82,Есть замечания к качеству,2026-08-15T07:23:41.084986+05:00
242,accepted,4.09,0.87,Работы соответствуют проблеме,2026-08-15T13:55:16.917245+05:00
243,rework,3.34,0.8,Требует доработки,2026-08-15T11:34:54.918018+05:00
243,accepted,4.54,0.91,Работы соответствуют проблеме,2026-08-15T13:16:33.713820+05:00
244,accepted,4.73,0.74,Работы соответствуют проблеме,2026-08-15T13:29:45.916428+05:00
245,accepted,4.52,0.85,Работы соответствуют проблеме,2026-08-15T12:29:34.908154+05:00
246,accepted_with_remarks,3.95,0.94,Есть замечания к качеству,2026-08-15T12:34:20.313451+05:00
247,accepted_with_remarks,3.91,0.87,Есть замечания к качеству,2026-08-15T22:33:59.857097+05:00
248,accepted,4.69,0.86,Работы соответствуют проблеме,2026-08-16T04:45:13.324845+05:00
249,accepted,4.44,0.79,Работы соответствуют проблеме,2026-08-16T13:18:45.713655+05:00
250,accepted_with_remarks,3.99,0.87,Есть замечания к качеству,2026-08-16T10:55:08.863597+05:00
251,accepted_with_remarks,3.78,0.93,Есть замечания к качеству,2026-08-16T10:40:13.903799+05:00
252,accepted,5.0,0.82,Работы соответствуют проблеме,2026-08-16T14:30:16.230179+05:00
253,accepted_with_remarks,3.21,0.88,Есть замечания к качеству,2026-08-16T16:05:59.233881+05:00
254,accepted_with_remarks,3.6,0.71,Есть замечания к качеству,2026-08-16T11:55:04.209090+05:00
255,accepted,4.89,0.84,Работы соответствуют проблеме,2026-08-17T14:37:11.299282+05:00
256,accepted,4.14,0.73,Работы соответствуют проблеме,2026-08-17T17:55:45.012288+05:00
257,accepted_with_remarks,3.73,0.8,Есть замечания к качеству,2026-08-17T14:16:47.163443+05:00
258,accepted_with_remarks,3.55,0.85,Есть замечания к качеству,2026-08-17T11:38:53.532813+05:00
259,accepted_with_remarks,3.98,0.84,Есть замечания к качеству,2026-08-17T12:51:06.795973+05:00
260,accepted,4.2,0.88,Работы соответствуют проблеме,2026-08-17T14:34:39.103838+05:00
261,accepted,4.42,0.82,Работы соответствуют проблеме,2026-08-18T01:38:09.678539+05:00
262,accepted,5,0.83,Работы соответствуют проблеме,2026-08-18T02:48:05.446281+05:00
263,accepted_with_remarks,3.94,0.8,Есть замечания к качеству,2026-08-18T04:42:13.668683+05:00
264,accepted,4.33,0.74,Работы соответствуют проблеме,2026-08-18T10:10:21.058649+05:00
265,accepted_with_remarks,3.77,0.71,Есть замечания к качеству,2026-08-18T15:08:12.777902+05:00
266,accepted,4.14,0.72,Работы соответствуют проблеме,2026-08-18T12:14:02.572738+05:00
267,accepted,4.36,0.84,Работы соответствуют проблеме,2026-08-18T23:26:22.134972+05:00
268,accepted,4.32,0.83,Работы соответствуют проблеме,2026-08-19T05:02:03.876325+05:00
269,accepted,4.35,0.91,Работы соответствуют проблеме,2026-08-19T10:22:09.948633+05:00
270,accepted,4.05,0.83,Работы соответствуют проблеме,2026-08-19T13:14:46.476873+05:00
271,accepted_with_remarks,3.89,0.73,Есть замечания к качеству,2026-08-19T11:33:06.543630+05:00
272,accepted_with_remarks,3.97,0.93,Есть замечания к качеству,2026-08-19T11:27:37.002276+05:00
273,accepted,4.11,0.77,Работы соответствуют проблеме,2026-08-19T18:33:16.387184+05:00
274,accepted,4.63,0.76,Работы соответствуют проблеме,2026-08-19T14:08:13.114383+05:00
275,accepted_with_remarks,3.81,0.76,Есть замечания к качеству,2026-08-20T11:15:32.388061+05:00
276,accepted,4.15,0.82,Работы соответствуют проблеме,2026-08-20T17:21:58.067249+05:00
277,accepted_with_remarks,3.95,0.73,Есть замечания к качеству,2026-08-20T12:56:48.055331+05:00
278,accepted,4.33,0.93,Работы соответствуют проблеме,2026-08-20T15:11:12.273139+05:00
279,accepted_with_remarks,3.9,0.78,Есть замечания к качеству,2026-08-21T00:08:50.301616+05:00
280,accepted,4.56,0.85,Работы соответствуют проблеме,2026-08-21T02:26:52.037902+05:00
281,accepted,4.4,0.76,Работы соответствуют проблеме,2026-08-21T12:34:14.193983+05:00
282,accepted,4.52,0.87,Работы соответствуют проблеме,2026-08-21T12:39:22.944647+05:00
283,accepted,4.38,0.83,Работы соответствуют проблеме,2026-08-22T03:08:48.151173+05:00
284,rework,1.54,0.8,Требует доработки,2026-08-22T06:42:54.138279+05:00
284,needs_master_review,2.74,0.77,Есть замечания к качеству,2026-08-22T08:09:18.239576+05:00
285,accepted,4.36,0.91,Работы соответствуют проблеме,2026-08-22T12:55:58.502528+05:00
286,accepted,4.51,0.83,Работы соответствуют проблеме,2026-08-22T15:15:52.431274+05:00
287,accepted,4.03,0.75,Работы соответствуют проблеме,2026-08-22T13:09:01.241083+05:00
288,accepted,4.56,0.87,Работы соответствуют проблеме,2026-08-22T12:49:58.254690+05:00
289,accepted,4.21,0.93,Работы соответствуют проблеме,2026-08-22T12:51:30.359291+05:00
290,rework,1.49,0.8,Требует доработки,2026-08-23T03:07:47.952157+05:00
290,needs_master_review,2.69,0.71,Есть замечания к качеству,2026-08-23T05:08:55.549687+05:00
291,accepted_with_remarks,3.82,0.92,Есть замечания к качеству,2026-08-23T01:18:47.962911+05:00
292,accepted,4.35,0.79,Работы соответствуют проблеме,2026-08-23T12:51:36.371315+05:00
293,accepted,4.93,0.79,Работы соответствуют проблеме,2026-08-23T10:17:43.360875+05:00
294,accepted,4.01,0.74,Работы соответствуют проблеме,2026-08-23T10:51:32.845363+05:00
295,accepted_with_remarks,3.23,0.71,Есть замечания к качеству,2026-08-23T14:20:20.623427+05:00
296,accepted,4.27,0.9,Работы соответствуют проблеме,2026-08-23T13:39:50.394221+05:00
297,accepted,4.03,0.94,Работы соответствуют проблеме,2026-08-23T12:41:33.768033+05:00
298,accepted_with_remarks,3.84,0.82,Есть замечания к качеству,2026-08-24T04:27:00.964178+05:00
299,accepted_with_remarks,3.98,0.71,Есть замечания к качеству,2026-08-24T15:28:24.014478+05:00
300,accepted,5,0.76,Работы соответствуют проблеме,2026-08-24T11:12:27.797900+05:00
301,rework,2.03,0.8,Требует доработки,2026-08-24T18:03:56.055521+05:00
301,accepted_with_remarks,3.23,0.74,Есть замечания к качеству,2026-08-24T21:04:18.211584+05:00
302,accepted,4.64,0.93,Работы соответствуют проблеме,2026-08-24T14:19:23.080144+05:00
303,accepted_with_remarks,3.36,0.93,Есть замечания к качеству,2026-08-24T12:46:54.050155+05:00
304,accepted,4.91,0.76,Работы соответствуют проблеме,2026-08-24T20:43:09.924309+05:00
305,accepted,4.34,0.72,Работы соответствуют проблеме,2026-08-25T08:48:14.521835+05:00
306,accepted_with_remarks,3.17,0.82,Есть замечания к качеству,2026-08-25T14:05:23.897688+05:00
307,rework,2.96,0.8,Требует доработки,2026-08-25T12:25:58.220037+05:00
307,accepted,4.16,0.72,Работы соответствуют проблеме,2026-08-25T15:08:43.230072+05:00
308,accepted,4.8,0.84,Работы соответствуют проблеме,2026-08-25T13:12:17.271702+05:00
309,accepted,4.3,0.83,Работы соответствуют проблеме,2026-08-26T04:36:47.968014+05:00
310,accepted,4.2,0.71,Работы соответствуют проблеме,2026-08-26T16:58:42.439919+05:00
311,accepted,4.24,0.76,Работы соответствуют проблеме,2026-08-26T13:40:31.296387+05:00
312,accepted,4.31,0.85,Работы соответствуют проблеме,2026-08-26T13:28:25.982951+05:00
313,rework,3.02,0.8,Требует доработки,2026-08-26T19:51:54.017434+05:00
313,accepted,4.22,0.78,Работы соответствуют проблеме,2026-08-26T21:46:52.838806+05:00
314,accepted,4.27,0.73,Работы соответствуют проблеме,2026-08-27T04:09:36.766820+05:00
315,accepted,4.26,0.76,Работы соответствуют проблеме,2026-08-27T08:15:05.180426+05:00
316,accepted,4.69,0.81,Работы соответствуют проблеме,2026-08-27T09:28:09.361933+05:00
317,accepted,4.03,0.79,Работы соответствуют проблеме,2026-08-27T14:10:34.704947+05:00
318,accepted,5,0.75,Работы соответствуют проблеме,2026-08-27T13:18:24.861441+05:00
319,accepted_with_remarks,3.97,0.78,Есть замечания к качеству,2026-08-27T12:03:55.395915+05:00
320,accepted_with_remarks,3.58,0.75,Есть замечания к качеству,2026-08-27T15:52:27.848432+05:00
321,accepted,4.63,0.72,Работы соответствуют проблеме,2026-08-28T09:11:14.783206+05:00
322,accepted,5,0.93,Работы соответствуют проблеме,2026-08-28T11:12:19.543705+05:00
323,accepted_with_remarks,3.72,0.93,Есть замечания к качеству,2026-08-28T20:12:19.975154+05:00
324,accepted,4.45,0.93,Работы соответствуют проблеме,2026-08-28T16:10:25.604634+05:00
325,accepted_with_remarks,3.94,0.88,Есть замечания к качеству,2026-08-28T12:47:00.152579+05:00
326,accepted,4.6,0.83,Работы соответствуют проблеме,2026-08-29T03:36:11.028927+05:00
327,accepted,4.44,0.81,Работы соответствуют проблеме,2026-08-29T09:08:42.254301+05:00
328,accepted,4.02,0.77,Работы соответствуют проблеме,2026-08-29T12:10:03.699022+05:00
329,accepted,4.34,0.87,Работы соответствуют проблеме,2026-08-29T12:30:17.424602+05:00
330,accepted_with_remarks,3.08,0.88,Есть замечания к качеству,2026-08-29T14:30:36.552077+05:00
331,accepted,4.68,0.86,Работы соответствуют проблеме,2026-08-29T12:39:00.696495+05:00
332,accepted,4.86,0.79,Работы соответствуют проблеме,2026-08-30T12:45:34.952546+05:00
333,accepted_with_remarks,3.99,0.84,Есть замечания к качеству,2026-08-30T11:29:59.184878+05:00
334,accepted,4.23,0.9,Работы соответствуют проблеме,2026-08-30T15:11:05.987440+05:00
335,accepted,5,0.78,Работы соответствуют проблеме,2026-08-30T12:49:57.328679+05:00
336,accepted,4.74,0.94,Работы соответствуют проблеме,2026-08-30T14:24:18.340691+05:00
337,accepted_with_remarks,3.73,0.95,Есть замечания к качеству,2026-08-30T12:40:29.731246+05:00
338,accepted,4.03,0.77,Работы соответствуют проблеме,2026-08-31T12:23:47.940459+05:00
339,accepted,4.95,0.87,Работы соответствуют проблеме,2026-08-31T10:07:26.361331+05:00
340,accepted,4.31,0.77,Работы соответствуют проблеме,2026-08-31T14:30:12.375919+05:00
341,accepted_with_remarks,3.95,0.91,Есть замечания к качеству,2026-08-31T15:58:25.280409+05:00
342,accepted_with_remarks,3.49,0.93,Есть замечания к качеству,2026-08-31T17:02:33.836364+05:00
343,accepted,4.77,0.85,Работы соответствуют проблеме,2026-08-31T14:15:59.571429+05:00
344,accepted,4.09,0.74,Работы соответствуют проблеме,2026-08-31T15:27:48.065566+05:00
345,accepted_with_remarks,3.46,0.83,Есть замечания к качеству,2026-08-31T16:45:36.482048+05:00
346,accepted,4.49,0.81,Работы соответствуют проблеме,2026-09-01T00:32:57.851351+05:00
347,accepted,4.49,0.86,Работы соответствуют проблеме,2026-09-01T10:37:50.378896+05:00
348,accepted,4.2,0.77,Работы соответствуют проблеме,2026-09-01T16:04:47.974575+05:00
349,accepted,4.0,0.87,Работы соответствуют проблеме,2026-09-01T10:24:29.696986+05:00
350,accepted,4.02,0.73,Работы соответствуют проблеме,2026-09-01T12:48:21.437153+05:00
351,accepted,4.92,0.76,Работы соответствуют проблеме,2026-09-01T23:07:03.376298+05:00
352,accepted,4.2,0.78,Работы соответствуют проблеме,2026-09-02T10:16:04.750787+05:00
353,accepted_with_remarks,3.44,0.86,Есть замечания к качеству,2026-09-02T12:29:09.002569+05:00
354,accepted,4.36,0.93,Работы соответствуют проблеме,2026-09-02T13:51:08.057185+05:00
355,accepted,4.79,0.81,Работы соответствуют проблеме,2026-09-02T10:44:34.283710+05:00
356,accepted,4.21,0.85,Работы соответствуют проблеме,2026-09-02T11:58:29.725618+05:00
357,accepted,5,0.84,Работы соответствуют проблеме,2026-09-03T10:56:55.480444+05:00
358,accepted,4.66,0.95,Работы соответствуют проблеме,2026-09-03T16:06:45.133463+05:00
359,accepted,4.24,0.84,Работы соответствуют проблеме,2026-09-03T13:32:55.518941+05:00
360,accepted_with_remarks,3.78,0.71,Есть замечания к качеству,2026-09-03T13:40:32.949499+05:00
361,accepted_with_remarks,3.99,0.77,Есть замечания к качеству,2026-09-04T03:17:31.005917+05:00
362,accepted,4.12,0.72,Работы соответствуют проблеме,2026-09-04T03:33:31.021180+05:00
363,accepted,4.77,0.87,Работы соответствуют проблеме,2026-09-04T08:59:08.709976+05:00
364,accepted,4.66,0.9,Работы соответствуют проблеме,2026-09-04T06:32:30.121642+05:00
365,accepted_with_remarks,3.45,0.77,Есть замечания к качеству,2026-09-04T07:35:51.290547+05:00
366,accepted,4.41,0.91,Работы соответствуют проблеме,2026-09-04T13:27:28.621613+05:00
367,accepted,4.67,0.94,Работы соответствуют проблеме,2026-09-04T14:14:12.210233+05:00
368,accepted,4.39,0.79,Работы соответствуют проблеме,2026-09-04T16:11:10.794487+05:00
369,accepted,4.2,0.84,Работы соответствуют проблеме,2026-09-05T01:04:53.506899+05:00
370,accepted,4.73,0.74,Работы соответствуют проблеме,2026-09-05T10:09:02.674820+05:00
371,rework,1.14,0.8,Требует доработки,2026-09-05T06:47:27.755375+05:00
371,needs_master_review,2.34,0.71,Есть замечания к качеству,2026-09-05T07:35:28.616854+05:00
372,accepted,4.69,0.87,Работы соответствуют проблеме,2026-09-05T10:54:23.178219+05:00
373,accepted,4.82,0.72,Работы соответствуют проблеме,2026-09-05T12:16:06.673454+05:00
374,accepted,4.21,0.93,Работы соответствуют проблеме,2026-09-05T12:09:42.735303+05:00
375,accepted,4.23,0.84,Работы соответствуют проблеме,2026-09-05T12:07:25.138187+05:00
376,accepted,4.05,0.94,Работы соответствуют проблеме,2026-09-05T14:48:23.667767+05:00
377,accepted,4.01,0.85,Работы соответствуют проблеме,2026-09-06T10:37:27.478966+05:00
378,accepted,4.24,0.79,Работы соответствуют проблеме,2026-09-06T17:07:08.381195+05:00
379,accepted,4.08,0.86,Работы соответствуют проблеме,2026-09-06T10:59:30.524244+05:00
380,accepted,4.64,0.83,Работы соответствуют проблеме,2026-09-06T10:48:19.644525+05:00
381,accepted,4.19,0.79,Работы соответствуют проблеме,2026-09-06T13:23:45.146981+05:00
382,accepted,4.51,0.92,Работы соответствуют проблеме,2026-09-06T12:25:57.397163+05:00
383,accepted_with_remarks,3.87,0.81,Есть замечания к качеству,2026-09-07T12:57:48.066261+05:00
384,accepted,4.49,0.92,Работы соответствуют проблеме,2026-09-07T14:59:52.257217+05:00
385,accepted,4.19,0.71,Работы соответствуют проблеме,2026-09-07T11:29:26.728949+05:00
386,accepted,4.27,0.78,Работы соответствуют проблеме,2026-09-07T17:23:50.191152+05:00
387,rework,2.8,0.8,Требует доработки,2026-09-07T17:29:13.696518+05:00
387,accepted,4.0,0.88,Работы соответствуют проблеме,2026-09-07T19:17:50.179496+05:00
388,accepted_with_remarks,3.91,0.82,Есть замечания к качеству,2026-09-08T11:02:54.306568+05:00
389,accepted_with_remarks,3.49,0.78,Есть замечания к качеству,2026-09-08T12:24:16.874760+05:00
390,accepted,4.92,0.9,Работы соответствуют проблеме,2026-09-08T12:12:19.848439+05:00
391,accepted,4.74,0.91,Работы соответствуют проблеме,2026-09-08T11:15:46.498899+05:00
392,accepted,4.73,0.74,Работы соответствуют проблеме,2026-09-08T16:18:45.362155+05:00
393,accepted,4.45,0.88,Работы соответствуют проблеме,2026-09-08T17:57:08.133249+05:00
394,accepted,4.57,0.89,Работы соответствуют проблеме,2026-09-09T02:37:10.314386+05:00
395,accepted,4.56,0.74,Работы соответствуют проблеме,2026-09-09T11:17:43.130997+05:00
396,accepted,4.77,0.73,Работы соответствуют проблеме,2026-09-09T11:26:41.360197+05:00
397,accepted,4.56,0.87,Работы соответствуют проблеме,2026-09-09T18:42:52.497873+05:00
398,accepted,4.36,0.89,Работы соответствуют проблеме,2026-09-10T10:43:57.677881+05:00
399,accepted_with_remarks,3.74,0.76,Есть замечания к качеству,2026-09-10T17:11:31.351575+05:00
400,accepted,4.83,0.75,Работы соответствуют проблеме,2026-09-10T14:37:43.270105+05:00
401,accepted,4.07,0.86,Работы соответствуют проблеме,2026-09-10T13:28:37.885626+05:00
402,accepted,4.26,0.75,Работы соответствуют проблеме,2026-09-10T21:51:12.512179+05:00
403,accepted,4.22,0.86,Работы соответствуют проблеме,2026-09-10T21:36:06.355318+05:00
404,accepted,4.42,0.9,Работы соответствуют проблеме,2026-09-11T07:12:47.552771+05:00
405,accepted,4.6,0.91,Работы соответствуют проблеме,2026-09-11T17:57:17.084992+05:00
406,accepted,5,0.73,Работы соответствуют проблеме,2026-09-11T18:28:05.259770+05:00
407,accepted_with_remarks,3.97,0.78,Есть замечания к качеству,2026-09-11T17:58:48.804875+05:00
408,accepted,4.64,0.73,Работы соответствуют проблеме,2026-09-11T23:49:26.225874+05:00
409,accepted_with_remarks,3.94,0.91,Есть замечания к качеству,2026-09-12T13:34:13.910647+05:00
410,accepted,4.34,0.85,Работы соответствуют проблеме,2026-09-12T12:34:10.655981+05:00
411,accepted_with_remarks,3.58,0.74,Есть замечания к качеству,2026-09-12T15:09:11.327545+05:00
412,accepted,4.15,0.94,Работы соответствуют проблеме,2026-09-12T12:06:25.459378+05:00
413,accepted,4.52,0.74,Работы соответствуют проблеме,2026-09-12T19:59:23.969090+05:00
414,accepted,4.39,0.74,Работы соответствуют проблеме,2026-09-12T17:40:51.871873+05:00
415,accepted_with_remarks,3.97,0.86,Есть замечания к качеству,2026-09-13T13:17:21.589218+05:00
416,accepted_with_remarks,3.96,0.91,Есть замечания к качеству,2026-09-13T13:26:41.447731+05:00
417,accepted,4.34,0.88,Работы соответствуют проблеме,2026-09-13T12:32:26.607296+05:00
418,accepted,4.71,0.72,Работы соответствуют проблеме,2026-09-13T11:52:24.136701+05:00
419,accepted_with_remarks,3.57,0.71,Есть замечания к качеству,2026-09-13T12:17:56.636091+05:00
420,accepted,4.04,0.78,Работы соответствуют проблеме,2026-09-13T15:07:00.001455+05:00
421,accepted_with_remarks,3.83,0.83,Есть замечания к качеству,2026-09-14T02:18:18.756064+05:00
422,accepted_with_remarks,3.59,0.87,Есть замечания к качеству,2026-09-14T11:45:11.234575+05:00
423,accepted,4.68,0.75,Работы соответствуют проблеме,2026-09-14T12:05:21.669357+05:00
424,rework,1.96,0.8,Требует доработки,2026-09-14T12:05:04.630330+05:00
424,accepted_with_remarks,3.16,0.89,Есть замечания к качеству,2026-09-14T13:48:45.606452+05:00
425,rework,2.19,0.8,Требует доработки,2026-09-14T19:02:28.384951+05:00
425,accepted_with_remarks,3.39,0.75,Есть замечания к качеству,2026-09-14T21:49:41.250627+05:00
426,needs_master_review,2.54,0.71,Есть замечания к качеству,2026-09-14T14:41:20.282207+05:00
427,rework,3.19,0.8,Требует доработки,2026-09-15T04:52:17.384812+05:00
427,accepted,4.39,0.92,Работы соответствуют проблеме,2026-09-15T06:37:48.026278+05:00
428,accepted,4.46,0.72,Работы соответствуют проблеме,2026-09-15T05:31:36.428650+05:00
429,accepted,4.41,0.76,Работы соответствуют проблеме,2026-09-15T16:44:24.986361+05:00
430,accepted,4.1,0.85,Работы соответствуют проблеме,2026-09-15T15:29:55.119453+05:00
431,accepted,4.07,0.85,Работы соответствуют проблеме,2026-09-15T16:18:55.689563+05:00
432,rework,2.79,0.8,Требует доработки,2026-09-15T18:03:29.097530+05:00
432,accepted_with_remarks,3.99,0.88,Есть замечания к качеству,2026-09-15T20:09:54.980261+05:00
433,accepted,4.54,0.78,Работы соответствуют проблеме,2026-09-16T01:57:21.578937+05:00
434,accepted_with_remarks,3.84,0.8,Есть замечания к качеству,2026-09-16T09:28:55.434467+05:00
435,accepted,4.43,0.91,Работы соответствуют проблеме,2026-09-16T14:05:01.243555+05:00
436,accepted,4.86,0.89,Работы соответствуют проблеме,2026-09-16T11:40:18.212902+05:00
437,accepted,4.34,0.89,Работы соответствуют проблеме,2026-09-16T17:37:19.599362+05:00
438,accepted,4.06,0.88,Работы соответствуют проблеме,2026-09-17T05:56:25.042464+05:00
439,accepted,4.35,0.88,Работы соответствуют проблеме,2026-09-17T10:55:38.057436+05:00
440,accepted,4.05,0.75,Работы соответствуют проблеме,2026-09-17T14:32:56.092790+05:00
441,accepted,4.29,0.88,Работы соответствуют проблеме,2026-09-17T13:06:04.947222+05:00
442,accepted_with_remarks,3.26,0.89,Есть замечания к качеству,2026-09-17T17:08:22.158066+05:00
443,rework,2.03,0.8,Требует доработки,2026-09-17T23:48:32.236929+05:00
443,accepted_with_remarks,3.23,0.82,Есть замечания к качеству,2026-09-18T01:44:05.849224+05:00
444,accepted,4.38,0.91,Работы соответствуют проблеме,2026-09-18T11:21:01.083814+05:00
445,accepted,4.32,0.81,Работы соответствуют проблеме,2026-09-18T16:04:33.046125+05:00
446,accepted,4.2,0.94,Работы соответствуют проблеме,2026-09-18T17:57:55.753025+05:00
447,rework,2.67,0.8,Требует доработки,2026-09-19T05:36:55.017370+05:00
447,accepted_with_remarks,3.87,0.71,Есть замечания к качеству,2026-09-19T06:56:25.669767+05:00
448,accepted,4.06,0.76,Работы соответствуют проблеме,2026-09-19T14:10:31.947687+05:00
449,accepted,4.74,0.8,Работы соответствуют проблеме,2026-09-19T13:17:39.251015+05:00
450,needs_master_review,2.37,0.91,Есть замечания к качеству,2026-09-19T13:26:52.494909+05:00
451,accepted,4.67,0.85,Работы соответствуют проблеме,2026-09-19T12:02:10.123789+05:00
452,accepted,4.26,0.95,Работы соответствуют проблеме,2026-09-19T20:53:46.886928+05:00
453,accepted,4.36,0.86,Работы соответствуют проблеме,2026-09-19T21:19:07.341634+05:00
454,accepted,4.27,0.91,Работы соответствуют проблеме,2026-09-20T01:22:14.330591+05:00
455,accepted,5,0.83,Работы соответствуют проблеме,2026-09-20T06:10:14.489804+05:00
456,accepted,4.83,0.87,Работы соответствуют проблеме,2026-09-20T13:08:33.908372+05:00
457,accepted,4.39,0.85,Работы соответствуют проблеме,2026-09-20T10:01:12.269625+05:00
458,accepted_with_remarks,3.91,0.85,Есть замечания к качеству,2026-09-20T13:39:44.123265+05:00
459,accepted,4.49,0.87,Работы соответствуют проблеме,2026-09-20T11:31:51.152869+05:00
460,accepted,4.76,0.87,Работы соответствуют проблеме,2026-09-20T12:09:53.959921+05:00
461,accepted,4.14,0.91,Работы соответствуют проблеме,2026-09-21T00:13:00.436217+05:00
462,accepted,4.16,0.9,Работы соответствуют проблеме,2026-09-21T02:39:51.045782+05:00
463,accepted,4.84,0.85,Работы соответствуют проблеме,2026-09-21T12:26:33.280823+05:00
464,accepted,4.27,0.83,Работы соответствуют проблеме,2026-09-21T14:00:15.124100+05:00
465,accepted_with_remarks,3.94,0.94,Есть замечания к качеству,2026-09-21T11:40:12.475413+05:00
466,accepted,4.4,0.71,Работы соответствуют проблеме,2026-09-21T15:32:11.864833+05:00
467,accepted,4.21,0.94,Работы соответствуют проблеме,2026-09-21T13:30:36.999919+05:00
468,accepted,4.67,0.83,Работы соответствуют проблеме,2026-09-21T13:51:00.580326+05:00
469,accepted,4.65,0.94,Работы соответствуют проблеме,2026-09-21T22:34:52.543609+05:00
470,accepted,4.44,0.93,Работы соответствуют проблеме,2026-09-22T01:02:41.119761+05:00
471,accepted,4.1,0.83,Работы соответствуют проблеме,2026-09-22T09:42:45.327853+05:00
472,accepted_with_remarks,3.44,0.74,Есть замечания к качеству,2026-09-22T13:10:50.479624+05:00
473,accepted,4.25,0.72,Работы соответствуют проблеме,2026-09-22T12:35:48.601019+05:00
474,accepted,4.73,0.91,Работы соответствуют проблеме,2026-09-22T12:19:17.964954+05:00
475,accepted,4.09,0.74,Работы соответствуют проблеме,2026-09-23T00:21:22.237220+05:00
476,accepted_with_remarks,3.87,0.82,Есть замечания к качеству,2026-09-23T00:53:24.091195+05:00
477,accepted,5,0.88,Работы соответствуют проблеме,2026-09-23T06:07:39.698819+05:00
478,accepted_with_remarks,3.84,0.94,Есть замечания к качеству,2026-09-23T04:51:59.677499+05:00
479,accepted,4.28,0.82,Работы соответствуют проблеме,2026-09-23T09:15:09.191191+05:00
480,rework,2.25,0.8,Требует доработки,2026-09-23T12:42:19.679080+05:00
480,accepted_with_remarks,3.45,0.8,Есть замечания к качеству,2026-09-23T14:32:00.930522+05:00
481,rework,2.85,0.8,Требует доработки,2026-09-23T12:50:42.824684+05:00
481,accepted,4.05,0.8,Работы соответствуют проблеме,2026-09-23T14:37:31.541238+05:00
482,needs_master_review,2.84,0.84,Есть замечания к качеству,2026-09-23T17:59:18.107372+05:00
483,accepted,4.19,0.77,Работы соответствуют проблеме,2026-09-24T05:11:14.027462+05:00
484,accepted,5,0.84,Работы соответствуют проблеме,2026-09-24T13:53:57.792030+05:00
485,rework,2.52,0.8,Требует доработки,2026-09-24T13:47:34.499809+05:00
485,accepted_with_remarks,3.72,0.93,Есть замечания к качеству,2026-09-24T15:31:28.169046+05:00
486,accepted,4.27,0.82,Работы соответствуют проблеме,2026-09-24T22:42:47.328215+05:00
487,accepted_with_remarks,3.91,0.73,Есть замечания к качеству,2026-09-24T14:16:18.492315+05:00
488,accepted,4.19,0.82,Работы соответствуют проблеме,2026-09-24T13:49:23.035175+05:00
489,accepted,4.91,0.86,Работы соответствуют проблеме,2026-09-25T01:18:07.945744+05:00
490,accepted,4.54,0.89,Работы соответствуют проблеме,2026-09-25T08:12:27.743460+05:00
491,accepted,5,0.76,Работы соответствуют проблеме,2026-09-25T11:54:24.756975+05:00
492,accepted,4.06,0.75,Работы соответствуют проблеме,2026-09-25T14:21:34.644815+05:00
493,accepted,4.15,0.8,Работы соответствуют проблеме,2026-09-25T17:05:27.935802+05:00
494,accepted,4.02,0.93,Работы соответствуют проблеме,2026-09-26T11:15:44.383384+05:00
495,accepted,4.1,0.78,Работы соответствуют проблеме,2026-09-26T15:09:59.359289+05:00
496,accepted,4.28,0.9,Работы соответствуют проблеме,2026-09-26T12:26:00.823651+05:00
497,accepted,4.36,0.84,Работы соответствуют проблеме,2026-09-26T12:28:37.712829+05:00
498,accepted,4.41,0.86,Работы соответствуют проблеме,2026-09-26T22:05:39.361034+05:00
499,accepted,4.3,0.87,Работы соответствуют проблеме,2026-09-27T06:48:30.318279+05:00
500,accepted,4.42,0.74,Работы соответствуют проблеме,2026-09-27T08:51:45.663910+05:00
501,rework,3.24,0.8,Требует доработки,2026-09-27T13:27:26.884390+05:00
501,accepted,4.44,0.77,Работы соответствуют проблеме,2026-09-27T15:12:32.164214+05:00
502,accepted,4.86,0.75,Работы соответствуют проблеме,2026-09-27T11:10:57.241752+05:00
503,accepted,4.29,0.9,Работы соответствуют проблеме,2026-09-27T13:46:41.088245+05:00
504,needs_master_review,2.96,0.93,Есть замечания к качеству,2026-09-27T15:11:22.578285+05:00
505,accepted_with_remarks,3.98,0.88,Есть замечания к качеству,2026-09-27T11:50:12.359409+05:00
506,accepted,4.59,0.94,Работы соответствуют проблеме,2026-09-27T14:47:41.398197+05:00
507,accepted_with_remarks,3.68,0.73,Есть замечания к качеству,2026-09-27T16:20:16.579669+05:00
508,accepted_with_remarks,3.49,0.82,Есть замечания к качеству,2026-09-28T15:32:20.994043+05:00
509,accepted,4.4,0.86,Работы соответствуют проблеме,2026-09-28T13:36:07.189514+05:00
510,accepted_with_remarks,3.54,0.79,Есть замечания к качеству,2026-09-28T12:47:19.566507+05:00
511,accepted,4.35,0.8,Работы соответствуют проблеме,2026-09-28T18:13:58.628300+05:00
512,accepted_with_remarks,3.92,0.92,Есть замечания к качеству,2026-09-28T12:06:59.036045+05:00
513,accepted_with_remarks,3.17,0.95,Есть замечания к качеству,2026-09-29T01:23:46.266653+05:00
514,accepted,4.01,0.89,Работы соответствуют проблеме,2026-09-29T07:30:48.996946+05:00
515,accepted,4.06,0.9,Работы соответствуют проблеме,2026-09-29T07:57:39.508704+05:00
516,accepted_with_remarks,3.98,0.92,Есть замечания к качеству,2026-09-29T09:09:47.808666+05:00
517,accepted,4.62,0.77,Работы соответствуют проблеме,2026-09-29T12:46:28.053541+05:00
518,accepted,4.66,0.78,Работы соответствуют проблеме,2026-09-29T15:36:47.076767+05:00
519,accepted,4.64,0.86,Работы соответствуют проблеме,2026-09-29T12:06:13.451064+05:00
520,accepted,4.18,0.89,Работы соответствуют проблеме,2026-09-29T18:31:18.938997+05:00
521,accepted,4.71,0.72,Работы соответствуют проблеме,2026-09-30T11:34:04.174071+05:00
522,accepted,4.3,0.71,Работы соответствуют проблеме,2026-09-30T12:00:32.563921+05:00
523,accepted,4.23,0.76,Работы соответствуют проблеме,2026-09-30T20:34:52.334483+05:00
524,accepted,4.31,0.8,Работы соответствуют проблеме,2026-10-01T01:42:23.561074+05:00
525,accepted,4.1,0.75,Работы соответствуют проблеме,2026-10-01T07:14:12.423316+05:00
526,accepted_with_remarks,3.6,0.74,Есть замечания к качеству,2026-10-01T11:18:57.479694+05:00
527,accepted,4.15,0.87,Работы соответствуют проблеме,2026-10-01T13:26:13.541445+05:00
528,accepted,4.94,0.84,Работы соответствуют проблеме,2026-10-01T13:21:01.805298+05:00
529,accepted,4.65,0.84,Работы соответствуют проблеме,2026-10-01T15:08:24.657474+05:00
530,accepted_with_remarks,3.12,0.84,Есть замечания к качеству,2026-10-01T13:33:39.743721+05:00
531,accepted,4.48,0.72,Работы соответствуют проблеме,2026-10-01T18:38:22.029864+05:00
532,accepted,4.72,0.78,Работы соответствуют проблеме,2026-10-02T13:57:10.511983+05:00
533,accepted_with_remarks,3.97,0.76,Есть замечания к качеству,2026-10-02T16:07:20.178461+05:00
534,accepted,4.07,0.87,Работы соответствуют проблеме,2026-10-03T05:21:18.102753+05:00
535,accepted,4.48,0.92,Работы соответствуют проблеме,2026-10-03T12:21:09.417938+05:00
536,accepted,4.86,0.91,Работы соответствуют проблеме,2026-10-03T12:17:22.981028+05:00
537,accepted,4.12,0.87,Работы соответствуют проблеме,2026-10-03T13:14:56.141162+05:00
538,accepted_with_remarks,3.63,0.88,Есть замечания к качеству,2026-10-03T13:12:36.774720+05:00
539,accepted,4.31,0.8,Работы соответствуют проблеме,2026-10-03T22:11:17.659233+05:00
540,accepted,4.04,0.86,Работы соответствуют проблеме,2026-10-04T00:29:27.378902+05:00
541,accepted,4.32,0.88,Работы соответствуют проблеме,2026-10-04T12:25:09.763062+05:00
542,accepted,4.94,0.81,Работы соответствуют проблеме,2026-10-04T11:46:56.771858+05:00
543,accepted,4.47,0.84,Работы соответствуют проблеме,2026-10-04T10:19:03.682423+05:00
544,accepted,4.55,0.8,Работы соответствуют проблеме,2026-10-04T11:16:40.143974+05:00
545,accepted,5,0.76,Работы соответствуют проблеме,2026-10-04T13:27:39.928027+05:00
546,accepted,4.56,0.91,Работы соответствуют проблеме,2026-10-04T12:24:09.802183+05:00
547,accepted,4.03,0.88,Работы соответствуют проблеме,2026-10-04T15:56:37.736823+05:00
