id,tab_no,full_name,specialty,grade,brigade_id
75808db3-d714-5bc1-8824-97b2c7c6f097,3001,Ахметов Ерлан Болатович,слесарь,5,1
30c23f9b-3046-52c7-aa98-4ded8e8f73ec,3002,Иванов Сергей Николаевич,слесарь,4,1
524bebbe-f703-5521-8e9d-5a3e54fbbf10,3003,Нурланов Арман Серикович,электрик,5,1
18e8c17f-5fea-50db-8d65-9e19d6a3866b,3004,Ким Виталий Олегович,сварщик,5,1
48146e97-4033-5976-9433-13e5009595cb,3005,Байжанов Канат Маратович,слесарь-гидравлик,4,1
4d9937c4-06fe-581d-bbee-b905cacaf2cc,3006,Петренко Олег Иванович,слесарь,5,2
1c4d0efe-d6e1-5774-af33-096424b68a1d,3007,Сапаров Дамир Ерланович,слесарь,4,2
afebbbfd-2a78-5649-81b2-ad4f458ca374,3008,Есенов Бауыржан Талгатович,электрик,4,2
4cd857ba-990a-5264-9b16-d26a06a3e6f4,3009,Морозов Денис Алексеевич,слесарь,3,2
ee96e203-5cd8-5eb3-be58-94fd2ac2392a,3010,Тлеубаев Ержан Касымович,электрик,5,2
79413058-e2c0-5b03-adfb-a2a01c58f0d5,3011,Ли Александр Викторович,слесарь,4,3
9d7fbeed-09f8-55cd-9cc1-8e28b1c8a47a,3012,Жаксылыков Нуржан Ерикович,слесарь-гидравлик,5,3
7ed3853e-5bbf-5f42-bca7-c6a0317ed299,3013,Волков Павел Сергеевич,сварщик,4,3
42ef7ac6-1e11-523f-b9a2-a713f308d193,3014,Омаров Руслан Бекович,электрик,3,3
2f23346e-8eed-5645-a1b2-d929d4517246,3015,Кузнецов Игорь Дмитриевич,слесарь,5,3
