id,name,inv_no,site_id,type,criticality
1,Дробилка КМД-1750,ИН-10101,1,дробилка,1
2,Дробилка ККД-1500,ИН-10102,1,дробилка,1
3,Питатель пластинчатый ПП-1,ИН-10103,1,питатель,2
4,Конвейер К-1,ИН-10104,1,конвейер,2
5,Конвейер К-2,ИН-10105,1,конвейер,2
6,Конвейер К-3,ИН-10106,1,конвейер,1
7,Грохот ГИТ-51 №1,ИН-10107,1,грохот,2
8,Грохот ГИТ-51 №2,ИН-20101,2,грохот,2
9,Насос ГрАТ-450 №1,ИН-20102,2,насос,1
10,Насос ГрАТ-450 №2,ИН-20103,2,насос,1
11,Насос ГрАТ-450 №3,ИН-20104,2,насос,2
12,Сепаратор пневматический СП-1,ИН-20105,2,сепаратор,2
13,Конвейер К-7,ИН-20106,2,конвейер,2
14,Вентилятор ВМ-12,ИН-20107,2,вентилятор,3
15,Сушильный барабан СБ-1,ИН-30101,3,сушильный барабан,1
16,Сушильный барабан СБ-2,ИН-30102,3,сушильный барабан,2
17,Рукавный фильтр РФ-1,ИН-30103,3,фильтр,1
18,Рукавный фильтр РФ-2,ИН-30104,3,фильтр,2
19,Дымосос ДН-15,ИН-30105,3,дымосос,2
20,Компрессор ВК-20,ИН-30106,3,компрессор,2
21,Токарный станок 1М63,ИН-40101,4,станок,3
22,Кран мостовой 10 т,ИН-40102,4,кран,2
23,Гидропресс П-6326,ИН-40103,4,пресс,3
24,Компрессор ВК-10,ИН-40104,4,компрессор,3
25,Сварочный пост СП-2,ИН-40105,4,сварочное,3
