id,name,unit
1,Подшипник 22220,шт
2,Подшипник 3182120,шт
3,Подшипник 6312,шт
4,Подшипник 22328,шт
5,Ремень клиновой Б-2000,шт
6,Лента конвейерная ЕР-400,м
7,Ролик конвейерный Ø108,шт
8,Клей для стыковки ленты,кг
9,Болт М16×60,шт
10,Болт М20×80,шт
11,Гайка М20,шт
12,Масло И-40А,л
13,Масло ТП-22С,л
14,Масло гидравлическое ВМГЗ,л
15,Смазка Литол-24,кг
16,Смазка солидол Ж,кг
17,Кабель КГ 3×16+1×6,м
18,Наконечник кабельный ТМЛ-16,шт
19,Изолента ПВХ,шт
20,Автоматический выключатель ВА47-63,шт
21,Пускатель ПМЛ-2100,шт
22,Контактор КТ-6023,шт
23,Датчик индуктивный ВБИ,шт
24,Термопара ТХА,шт
25,Предохранитель ППН-35,шт
26,Манжета армированная 100×125,шт
27,Сальниковая набивка АП-31,кг
28,Кольцо уплотнительное резиновое,шт
29,Рукав высокого давления РВД-16,шт
30,Фитинг гидравлический,шт
31,Ремкомплект пневмоцилиндра,шт
32,Клапан пневматический,шт
33,Рукав фильтровальный,шт
34,Плита футеровочная,шт
35,Колесо рабочее насоса ГрАТ,шт
36,Цепь приводная ПР-38,м
37,Звёздочка z=17,шт
38,Электроды МР-3 Ø4,кг
39,Ветошь обтирочная,кг
40,Герметик силиконовый,шт
