order_id,material_id,qty
1,15,1.5
1,39,1.0
1,9,4
2,15,1.5
2,39,1.0
2,9,4
3,15,1.4
3,39,1.0
3,9,4
4,15,1.5
4,39,1.0
4,9,4
5,15,1.6
5,39,1.0
5,9,4
6,3,1.9
6,15,0.3
6,39,0.5
7,2,1.4
7,15,0.7
7,39,0.7
8,15,1.6
8,39,1.1
8,9,4
9,15,2.1
9,39,1.4
9,9,6
10,15,1.4
10,39,0.9
10,9,4
11,3,2.1
11,15,0.3
11,39,0.5
12,28,6
12,26,1.6
12,14,16
12,39,1.6
13,15,1.5
13,39,1.0
13,9,4
14,15,1.7
14,39,1.1
14,9,4
15,2,1.5
15,15,0.7
15,39,0.7
16,15,1.4
16,39,0.9
16,9,4
17,15,1.6
17,39,1.0
17,9,4
18,15,1.6
18,39,1.1
18,9,4
19,15,1.4
19,39,0.9
19,9,4
20,15,1.5
20,16,1.5
21,9,7
21,10,4
21,11,4
22,15,1.4
22,39,0.9
22,9,4
23,15,1.5
23,39,1.0
23,9,4
24,2,1.1
24,15,0.5
24,39,0.5
25,3,2.1
25,15,0.3
25,39,0.5
26,2,1.0
26,15,0.5
26,39,0.5
27,15,2.2
27,39,1.5
27,9,6
28,15,1.5
28,39,1.0
28,9,4
29,15,1.7
29,39,1.1
29,9,5
30,15,2.2
30,39,1.5
30,9,6
31,17,13
31,18,5
31,19,1.3
32,15,1.4
32,39,0.9
32,9,4
33,15,1.4
33,39,0.9
33,9,4
34,15,1.4
34,39,0.9
34,9,4
35,15,1.7
35,39,1.1
35,9,4
36,15,1.5
36,39,1.0
36,9,4
37,3,1.8
37,15,0.3
37,39,0.5
38,31,0.9
38,32,0.9
39,20,1.0
39,25,2.0
40,15,1.7
40,39,1.1
40,9,5
41,15,1.3
41,39,0.9
41,9,4
42,15,1.3
42,39,0.9
42,9,4
43,15,2.1
43,39,1.4
43,9,5
44,15,1.5
44,39,1.0
44,9,4
45,28,4
45,26,1.1
45,14,11
45,39,1.1
46,20,1.0
46,25,2.0
47,1,1.6
47,15,0.8
47,39,0.8
48,15,2.3
48,39,1.5
48,9,6
49,15,2.3
49,39,1.5
49,9,6
50,15,2.1
50,39,1.4
50,9,6
51,28,5
51,26,1.1
51,14,11
51,39,1.1
52,15,1.5
52,39,1.0
52,9,4
53,15,1.4
53,39,1.0
53,9,4
54,3,1.9
54,15,0.3
54,39,0.5
55,3,1.7
55,15,0.3
55,39,0.4
56,4,0.9
56,15,0.4
56,39,0.4
57,15,1.1
57,16,1.1
58,35,1.0
58,26,1.0
58,27,0.5
59,15,1.5
59,39,1.0
59,9,4
60,15,1.6
60,39,1.1
60,9,4
61,15,1.7
61,39,1.1
61,9,4
62,35,0.9
62,26,0.9
62,27,0.5
63,15,1.4
63,39,1.0
63,9,4
64,15,2.1
64,39,1.4
64,9,6
65,15,1.7
65,39,1.1
65,9,4
66,20,1.4
66,25,2.7
67,15,1.0
67,16,1.0
68,9,8
68,10,5
68,11,5
69,2,1.1
69,15,0.6
69,39,0.6
70,28,4
70,26,2.0
70,14,5
71,15,1.3
71,39,0.9
71,9,3
72,15,2.3
72,39,1.6
72,9,6
73,15,2.1
73,39,1.4
73,9,6
74,15,1.4
74,39,0.9
74,9,4
75,35,1.0
75,26,1.0
75,27,0.5
76,4,1.0
76,15,0.5
76,39,0.5
77,15,1.6
77,39,1.1
77,9,4
78,15,1.5
78,39,1.0
78,9,4
79,15,1.3
79,39,0.9
79,9,3
80,15,1.5
80,39,1.0
80,9,4
81,15,1.5
81,39,1.0
81,9,4
82,2,1.1
82,15,0.5
82,39,0.5
83,2,1.4
83,15,0.7
83,39,0.7
84,20,1.4
84,25,2.7
85,15,2.0
85,39,1.3
85,9,5
86,15,1.4
86,39,0.9
86,9,4
87,15,2.3
87,39,1.5
87,9,6
88,15,1.3
88,39,0.9
88,9,3
89,15,2.3
89,39,1.5
89,9,6
90,20,1.3
90,25,2.7
91,12,20
91,13,20
91,39,1.0
92,3,2.2
92,15,0.3
92,39,0.6
93,20,1.0
93,25,1.9
94,15,1.7
94,39,1.1
94,9,5
95,15,2.0
95,39,1.3
95,9,5
96,15,1.6
96,39,1.1
96,9,4
97,28,4
97,26,1.0
97,14,10
97,39,1.0
98,15,1.6
98,39,1.1
98,9,4
99,15,1.7
99,39,1.1
99,9,4
100,6,5
100,8,1.7
100,39,0.4
101,12,17
101,13,17
101,39,0.9
102,15,2.4
102,39,1.6
102,9,6
103,15,2.3
103,39,1.5
103,9,6
104,15,1.6
104,39,1.1
104,9,4
105,15,2.1
105,39,1.4
105,9,6
106,12,18
106,13,18
106,39,0.9
107,15,1.6
107,39,1.0
107,9,4
108,15,2.3
108,39,1.5
108,9,6
109,15,0.9
109,16,0.9
110,2,1.3
110,15,0.7
110,39,0.7
111,15,1.5
111,39,1.0
111,9,4
112,15,1.3
112,39,0.9
112,9,4
113,15,1.3
113,39,0.9
113,9,4
114,1,1.1
114,15,0.6
114,39,0.6
115,15,1.7
115,39,1.1
115,9,5
116,3,1.8
116,15,0.3
116,39,0.5
117,23,0.9
117,24,0.9
118,15,1.5
118,39,1.0
118,9,4
119,15,2.1
119,39,1.4
119,9,6
120,15,2.1
120,39,1.4
120,9,6
121,15,2.2
121,39,1.5
121,9,6
122,15,1.6
122,39,1.1
122,9,4
123,3,1.8
123,15,0.3
123,39,0.4
124,15,1.5
124,39,1.0
124,9,4
125,15,1.7
125,39,1.1
125,9,4
126,15,1.7
126,39,1.1
126,9,5
127,15,1.7
127,39,1.1
127,9,5
128,15,1.6
128,39,1.0
128,9,4
129,28,5
129,26,1.4
129,14,14
129,39,1.4
130,28,6
130,26,1.5
130,14,15
130,39,1.5
131,23,1.0
131,24,1.0
132,15,2.0
132,39,1.3
132,9,5
133,15,2.3
133,39,1.5
133,9,6
134,15,1.6
134,39,1.1
134,9,4
135,3,1.7
135,15,0.3
135,39,0.4
136,3,1.7
136,15,0.3
136,39,0.4
137,4,0.9
137,15,0.4
137,39,0.4
138,15,2.1
138,39,1.4
138,9,5
139,15,1.3
139,39,0.9
139,9,4
140,1,1.1
140,15,0.6
140,39,0.6
141,20,0.9
141,25,1.8
142,35,1.0
142,26,1.0
142,27,0.5
143,15,1.7
143,39,1.1
143,9,4
144,15,1.3
144,39,0.9
144,9,3
145,15,1.4
145,39,1.0
145,9,4
146,15,1.4
146,39,0.9
146,9,4
147,5,2.2
147,12,5
147,28,2.2
148,15,2.2
148,39,1.5
148,9,6
149,15,1.5
149,39,1.0
149,9,4
150,3,1.8
150,15,0.3
150,39,0.4
151,9,7
151,10,4
151,11,4
152,20,1.4
152,25,2.8
153,15,1.6
153,39,1.0
153,9,4
154,15,1.3
154,39,0.9
154,9,3
155,15,2.2
155,39,1.5
155,9,6
156,15,1.3
156,39,0.9
156,9,4
157,4,1.4
157,15,0.7
157,39,0.7
158,9,6
158,10,4
158,11,4
159,15,1.6
159,39,1.1
159,9,4
160,15,1.4
160,39,0.9
160,9,4
161,15,1.4
161,39,0.9
161,9,4
162,15,1.4
162,39,0.9
162,9,4
163,15,1.3
163,39,0.9
163,9,4
164,9,7
164,10,4
164,11,4
165,9,9
165,10,6
165,11,6
166,15,1.7
166,39,1.1
166,9,5
167,15,2.1
167,39,1.4
167,9,6
168,15,1.5
168,39,1.0
168,9,4
169,15,1.5
169,39,1.0
169,9,4
170,15,1.5
170,39,1.0
170,9,4
171,30,2.2
171,40,1.1
171,28,2.2
172,15,2.2
172,39,1.5
172,9,6
173,15,1.4
173,39,0.9
173,9,4
174,15,1.5
174,39,1.0
174,9,4
175,9,8
175,10,6
175,11,6
176,15,1.4
176,39,0.9
176,9,4
177,15,2.0
177,39,1.3
177,9,5
178,1,0.9
178,15,0.5
178,39,0.5
179,4,1.6
179,15,0.8
179,39,0.8
180,35,1.5
180,26,1.5
180,27,0.7
181,35,0.9
181,26,0.9
181,27,0.4
182,9,6
182,10,4
182,11,4
183,15,1.3
183,39,0.9
183,9,3
184,15,1.6
184,39,1.1
184,9,4
185,15,2.3
185,39,1.5
185,9,6
186,15,1.3
186,39,0.9
186,9,3
187,30,2.6
187,40,1.3
187,28,2.6
188,9,8
188,10,5
188,11,5
189,1,1.5
189,15,0.8
189,39,0.8
190,9,6
190,10,4
190,11,4
191,9,5
191,10,4
191,11,4
192,4,1.0
192,15,0.5
192,39,0.5
193,15,1.7
193,39,1.1
193,9,5
194,15,1.5
194,39,1.0
194,9,4
195,20,1.1
195,25,2.2
196,15,1.6
196,39,1.1
196,9,4
197,15,1.7
197,39,1.1
197,9,5
198,15,2.0
198,39,1.4
198,9,5
199,15,1.4
199,39,0.9
199,9,4
200,34,6
200,38,4
200,10,12
200,39,1.5
201,28,4
201,26,1.1
201,14,11
201,39,1.1
202,9,7
202,10,4
202,11,4
203,15,1.3
203,39,0.9
203,9,3
204,15,1.4
204,39,0.9
204,9,4
205,15,1.4
205,39,0.9
205,9,4
206,15,1.4
206,39,0.9
206,9,4
207,15,1.4
207,39,0.9
207,9,4
208,30,2.2
208,40,1.1
208,28,2.2
209,9,6
209,10,4
209,11,4
210,15,1.3
210,39,0.9
210,9,4
211,15,2.3
211,39,1.5
211,9,6
212,15,2.1
212,39,1.4
212,9,6
213,15,1.4
213,39,1.0
213,9,4
214,15,1.6
214,39,1.1
214,9,4
215,17,11
215,18,4
215,19,1.1
216,9,6
216,10,4
216,11,4
217,35,1.0
217,26,1.0
217,27,0.5
218,15,2.1
218,39,1.4
218,9,6
219,15,2.0
219,39,1.3
219,9,5
220,15,1.6
220,39,1.0
220,9,4
221,30,2.1
221,40,1.1
221,28,2.1
222,28,6
222,26,1.5
222,14,15
222,39,1.5
223,30,2.9
223,29,1.4
223,15,2.9
224,30,2.9
224,29,1.5
224,15,2.9
225,15,2.1
225,39,1.4
225,9,6
226,15,1.5
226,39,1.0
226,9,4
227,17,10
227,18,4
227,19,1.0
228,28,4
228,26,1.0
228,14,10
228,39,1.0
229,1,0.9
229,15,0.5
229,39,0.5
230,9,5
230,10,3
230,11,3
231,15,1.7
231,39,1.1
231,9,5
232,15,1.5
232,39,1.0
232,9,4
233,15,2.3
233,39,1.5
233,9,6
234,15,1.7
234,39,1.1
234,9,5
235,35,1.6
235,26,1.6
235,27,0.8
236,28,6
236,26,1.6
236,14,16
236,39,1.6
237,2,1.1
237,15,0.5
237,39,0.5
238,15,2.4
238,39,1.6
238,9,6
239,15,1.6
239,39,1.1
239,9,4
240,30,2.7
240,40,1.4
240,28,2.7
241,20,0.9
241,25,1.9
242,6,9
242,8,3.1
242,39,0.8
243,15,2.0
243,39,1.3
243,9,5
244,15,1.6
244,39,1.1
244,9,4
245,15,1.3
245,39,0.9
245,9,3
246,15,2.2
246,39,1.5
246,9,6
247,9,9
247,10,6
247,11,6
248,23,0.9
248,24,0.9
249,4,1.0
249,15,0.5
249,39,0.5
250,15,1.7
250,39,1.1
250,9,5
251,15,1.6
251,39,1.1
251,9,4
252,15,2.0
252,39,1.4
252,9,5
253,15,1.3
253,39,0.9
253,9,4
254,15,1.6
254,39,1.1
254,9,4
255,15,1.5
255,39,1.0
255,9,4
256,15,1.5
256,39,1.0
256,9,4
257,15,1.5
257,39,1.0
257,9,4
258,28,4
258,26,0.9
258,14,9
258,39,0.9
259,15,1.4
259,39,1.0
259,9,4
260,15,2.0
260,39,1.4
260,9,5
261,9,6
261,10,4
261,11,4
262,20,0.9
262,25,1.7
263,4,1.0
263,15,0.5
263,39,0.5
264,15,1.6
264,39,1.1
264,9,4
265,15,2.3
265,39,1.5
265,9,6
266,15,1.6
266,39,1.1
266,9,4
267,1,1.1
267,15,0.5
267,39,0.5
268,35,1.4
268,26,1.4
268,27,0.7
269,3,2.1
269,15,0.3
269,39,0.5
270,35,1.1
270,26,1.1
270,27,0.5
271,15,1.7
271,39,1.1
271,9,4
272,15,2.3
272,39,1.5
272,9,6
273,5,3.1
273,12,8
273,28,3.1
274,9,6
274,10,4
274,11,4
275,15,1.7
275,39,1.1
275,9,5
276,15,1.6
276,39,1.1
276,9,4
277,15,1.5
277,39,1.0
277,9,4
278,15,1.6
278,39,1.0
278,9,4
279,30,2.6
279,29,1.3
279,15,2.6
280,3,2.1
280,15,0.3
280,39,0.5
281,15,1.7
281,39,1.1
281,9,4
282,15,1.3
282,39,0.9
282,9,3
283,1,1.1
283,15,0.6
283,39,0.6
284,9,7
284,10,4
284,11,4
285,15,1.3
285,39,0.9
285,9,4
286,15,2.3
286,39,1.5
286,9,6
287,15,1.6
287,39,1.1
287,9,4
288,15,1.4
288,39,1.0
288,9,4
289,12,19
289,13,19
289,39,1.0
290,5,2.0
290,12,5
290,28,2.0
291,4,1.0
291,15,0.5
291,39,0.5
292,15,1.4
292,39,0.9
292,9,4
293,9,5
293,10,3
293,11,3
294,15,1.3
294,39,0.9
294,9,4
295,15,1.4
295,39,0.9
295,9,4
296,15,2.1
296,39,1.4
296,9,5
297,15,2.2
297,39,1.5
297,9,6
298,36,4
298,37,1.5
298,15,0.4
299,15,2.3
299,39,1.6
299,9,6
300,15,2.1
300,39,1.4
300,9,6
301,15,1.6
301,39,1.1
301,9,4
302,15,1.5
302,39,1.0
302,9,4
303,15,2.4
303,39,1.6
303,9,6
304,15,1.4
304,16,1.4
305,4,1.0
305,15,0.5
305,39,0.5
306,15,1.6
306,39,1.1
306,9,4
307,15,2.2
307,39,1.5
307,9,6
308,15,2.0
308,39,1.3
308,9,5
309,9,6
309,10,4
309,11,4
310,15,1.4
310,39,0.9
310,9,4
311,15,1.6
311,39,1.1
311,9,4
312,2,1.0
312,15,0.5
312,39,0.5
313,2,1.1
313,15,0.6
313,39,0.6
314,30,1.9
314,40,0.9
314,28,1.9
315,35,1.0
315,26,1.0
315,27,0.5
316,4,0.9
316,15,0.4
316,39,0.4
317,15,1.5
317,39,1.0
317,9,4
318,15,1.5
318,39,1.0
318,9,4
319,15,1.6
319,39,1.0
319,9,4
320,15,1.7
320,39,1.1
320,9,5
321,30,2.1
321,29,1.1
321,15,2.1
322,1,1.6
322,15,0.8
322,39,0.8
323,15,2.0
323,39,1.3
323,9,5
324,15,1.7
324,39,1.1
324,9,4
325,30,3.2
325,29,1.6
325,15,3.2
326,30,1.9
326,40,0.9
326,28,1.9
327,3,2.9
327,15,0.4
327,39,0.7
328,15,1.4
328,39,0.9
328,9,4
329,15,1.7
329,39,1.1
329,9,4
330,15,1.6
330,39,1.1
330,9,4
331,15,1.7
331,39,1.1
331,9,4
332,15,1.3
332,39,0.9
332,9,4
333,15,1.5
333,39,1.0
333,9,4
334,15,1.5
334,39,1.0
334,9,4
335,15,1.6
335,39,1.1
335,9,4
336,15,1.5
336,39,1.0
336,9,4
337,23,1.5
337,24,1.5
338,3,2.2
338,15,0.3
338,39,0.5
339,15,2.4
339,39,1.6
339,9,6
340,15,2.1
340,39,1.4
340,9,6
341,15,1.4
341,39,1.0
341,9,4
342,15,1.3
342,39,0.9
342,9,4
343,15,1.7
343,39,1.1
343,9,4
344,1,1.4
344,15,0.7
344,39,0.7
345,12,20
345,13,20
345,39,1.0
346,4,1.4
346,15,0.7
346,39,0.7
347,15,2.3
347,39,1.5
347,9,6
348,15,2.2
348,39,1.4
348,9,6
349,15,0.9
349,16,0.9
350,15,1.3
350,39,0.9
350,9,4
351,1,1.0
351,15,0.5
351,39,0.5
352,28,4
352,26,0.9
352,14,9
352,39,0.9
353,15,1.5
353,39,1.0
353,9,4
354,15,2.4
354,39,1.6
354,9,6
355,15,0.9
355,16,0.9
356,23,1.5
356,24,1.5
357,15,1.4
357,39,1.0
357,9,4
358,15,1.5
358,39,1.0
358,9,4
359,15,1.7
359,39,1.1
359,9,4
360,15,2.0
360,39,1.3
360,9,5
361,28,6
361,26,1.5
361,14,15
361,39,1.5
362,17,15
362,18,6
362,19,1.5
363,2,1.5
363,15,0.7
363,39,0.7
364,15,1.0
364,16,1.0
365,23,1.0
365,24,1.0
366,15,1.6
366,39,1.1
366,9,4
367,15,1.5
367,39,1.0
367,9,4
368,28,6
368,26,1.5
368,14,15
368,39,1.5
369,2,0.9
369,15,0.4
369,39,0.4
370,4,1.6
370,15,0.8
370,39,0.8
371,15,1.0
371,16,1.0
372,15,1.6
372,39,1.1
372,9,4
373,15,1.7
373,39,1.1
373,9,4
374,15,1.3
374,39,0.9
374,9,4
375,15,1.7
375,39,1.1
375,9,4
376,4,1.0
376,15,0.5
376,39,0.5
377,15,1.4
377,39,0.9
377,9,4
378,15,2.3
378,39,1.5
378,9,6
379,21,0.9
379,22,0.9
380,15,1.6
380,39,1.0
380,9,4
381,15,1.5
381,39,1.0
381,9,4
382,15,1.5
382,39,1.0
382,9,4
383,15,2.4
383,39,1.6
383,9,6
384,15,2.4
384,39,1.6
384,9,6
385,15,2.3
385,39,1.5
385,9,6
386,15,1.4
386,39,0.9
386,9,4
387,15,1.4
387,39,0.9
387,9,4
388,2,1.1
388,15,0.5
388,39,0.5
389,2,1.1
389,15,0.6
389,39,0.6
390,1,0.9
390,15,0.5
390,39,0.5
391,15,1.3
391,39,0.9
391,9,4
392,15,1.5
392,39,1.0
392,9,4
393,15,2.4
393,39,1.6
393,9,6
394,15,1.5
394,16,1.5
395,15,1.5
395,39,1.0
395,9,4
396,15,1.7
396,39,1.1
396,9,5
397,1,0.9
397,15,0.4
397,39,0.4
398,15,1.3
398,39,0.9
398,9,3
399,15,1.5
399,39,1.0
399,9,4
400,15,2.2
400,39,1.5
400,9,6
401,15,1.6
401,39,1.1
401,9,4
402,4,1.0
402,15,0.5
402,39,0.5
403,2,1.0
403,15,0.5
403,39,0.5
404,28,4
404,26,1.0
404,14,10
404,39,1.0
405,15,2.1
405,39,1.4
405,9,6
406,15,1.6
406,39,1.0
406,9,4
407,2,1.1
407,15,0.5
407,39,0.5
408,1,1.5
408,15,0.7
408,39,0.7
409,15,2.3
409,39,1.5
409,9,6
410,15,1.7
410,39,1.1
410,9,5
411,15,1.4
411,39,0.9
411,9,4
412,15,1.4
412,39,0.9
412,9,4
413,2,1.1
413,15,0.6
413,39,0.6
414,15,1.0
414,16,1.0
415,15,1.7
415,39,1.1
415,9,4
416,15,1.5
416,39,1.0
416,9,4
417,15,1.7
417,39,1.1
417,9,5
418,15,1.6
418,39,1.1
418,9,4
419,15,1.6
419,39,1.1
419,9,4
420,15,1.0
420,16,1.0
421,28,6
421,26,1.5
421,14,15
421,39,1.5
422,15,2.2
422,39,1.4
422,9,6
423,15,2.2
423,39,1.5
423,9,6
424,15,1.5
424,39,1.0
424,9,4
425,15,1.5
425,39,1.0
425,9,4
426,15,1.6
426,39,1.1
426,9,4
427,36,4
427,37,1.5
427,15,0.4
428,20,1.1
428,25,2.1
429,15,2.2
429,39,1.5
429,9,6
430,15,2.3
430,39,1.5
430,9,6
431,15,2.3
431,39,1.5
431,9,6
432,5,2.6
432,12,7
432,28,2.6
433,1,1.4
433,15,0.7
433,39,0.7
434,2,0.9
434,15,0.5
434,39,0.5
435,15,1.6
435,39,1.1
435,9,4
436,15,1.3
436,39,0.9
436,9,3
437,35,1.0
437,26,1.0
437,27,0.5
438,3,2.3
438,15,0.3
438,39,0.6
439,15,1.3
439,39,0.9
439,9,4
440,15,1.5
440,39,1.0
440,9,4
441,15,1.6
441,39,1.1
441,9,4
442,15,1.6
442,39,1.1
442,9,4
443,4,1.0
443,15,0.5
443,39,0.5
444,15,1.5
444,39,1.0
444,9,4
445,15,1.4
445,39,0.9
445,9,4
446,28,5
446,26,1.4
446,14,14
446,39,1.4
447,36,3
447,37,0.9
447,15,0.3
448,15,1.6
448,39,1.1
448,9,4
449,15,2.4
449,39,1.6
449,9,6
450,15,1.5
450,39,1.0
450,9,4
451,15,1.5
451,39,1.0
451,9,4
452,3,3.1
452,15,0.5
452,39,0.8
453,3,1.8
453,15,0.3
453,39,0.4
454,9,6
454,10,4
454,11,4
455,2,1.0
455,15,0.5
455,39,0.5
456,15,2.2
456,39,1.5
456,9,6
457,15,2.2
457,39,1.4
457,9,6
458,15,2.0
458,39,1.4
458,9,5
459,15,2.2
459,39,1.5
459,9,6
460,15,1.5
460,39,1.0
460,9,4
461,2,1.3
461,15,0.7
461,39,0.7
462,3,2.1
462,15,0.3
462,39,0.5
463,15,1.5
463,39,1.0
463,9,4
464,15,2.2
464,39,1.5
464,9,6
465,15,2.1
465,39,1.4
465,9,6
466,15,1.5
466,39,1.0
466,9,4
467,15,1.4
467,39,1.0
467,9,4
468,31,0.9
468,32,0.9
469,9,6
469,10,4
469,11,4
470,15,1.5
470,16,1.5
471,4,1.6
471,15,0.8
471,39,0.8
472,15,2.1
472,39,1.4
472,9,6
473,15,1.4
473,39,1.0
473,9,4
474,15,1.4
474,39,1.0
474,9,4
475,9,6
475,10,4
475,11,4
476,15,1.6
476,16,1.6
477,28,4
477,26,1.0
477,14,10
477,39,1.0
478,12,19
478,13,19
478,39,0.9
479,15,0.9
479,16,0.9
480,15,1.3
480,39,0.9
480,9,4
481,15,1.6
481,39,1.1
481,9,4
482,2,1.0
482,15,0.5
482,39,0.5
483,3,2.0
483,15,0.3
483,39,0.5
484,15,2.2
484,39,1.5
484,9,6
485,15,1.3
485,39,0.9
485,9,4
486,15,1.3
486,39,0.9
486,9,4
487,15,1.7
487,39,1.1
487,9,5
488,9,9
488,10,6
488,11,6
489,4,1.1
489,15,0.5
489,39,0.5
490,35,0.9
490,26,0.9
490,27,0.5
491,15,1.7
491,39,1.1
491,9,4
492,15,1.5
492,39,1.0
492,9,4
493,1,1.1
493,15,0.5
493,39,0.5
494,15,2.1
494,39,1.4
494,9,6
495,15,1.7
495,39,1.1
495,9,5
496,15,1.3
496,39,0.9
496,9,3
497,15,1.4
497,39,0.9
497,9,4
498,3,1.7
498,15,0.3
498,39,0.4
499,4,1.0
499,15,0.5
499,39,0.5
500,3,1.7
500,15,0.3
500,39,0.4
501,15,1.6
501,39,1.1
501,9,4
502,15,1.4
502,39,0.9
502,9,4
503,15,1.5
503,39,1.0
503,9,4
504,15,1.5
504,39,1.0
504,9,4
505,15,1.7
505,39,1.1
505,9,5
506,35,1.1
506,26,1.1
506,27,0.6
507,12,17
507,13,17
507,39,0.9
508,15,1.4
508,39,0.9
508,9,4
509,15,1.6
509,39,1.1
509,9,4
510,15,2.1
510,39,1.4
510,9,6
511,15,1.5
511,39,1.0
511,9,4
512,15,1.4
512,39,0.9
512,9,4
513,4,1.4
513,15,0.7
513,39,0.7
514,2,1.5
514,15,0.8
514,39,0.8
515,28,6
515,26,1.4
515,14,14
515,39,1.4
516,1,1.1
516,15,0.6
516,39,0.6
517,15,1.3
517,39,0.9
517,9,3
518,15,2.1
518,39,1.4
518,9,5
519,15,2.3
519,39,1.5
519,9,6
520,20,1.1
520,25,2.3
521,15,1.3
521,39,0.9
521,9,3
522,15,1.6
522,39,1.1
522,9,4
523,35,1.4
523,26,1.4
523,27,0.7
524,20,1.4
524,25,2.8
525,3,1.7
525,15,0.3
525,39,0.4
526,15,1.4
526,39,0.9
526,9,4
527,15,1.6
527,39,1.1
527,9,4
528,15,1.5
528,39,1.0
528,9,4
529,15,2.4
529,39,1.6
529,9,6
530,9,6
530,10,4
530,11,4
531,21,0.9
531,22,0.9
532,15,2.3
532,39,1.5
532,9,6
533,15,2.2
533,39,1.4
533,9,6
534,21,1.1
534,22,1.1
535,15,1.4
535,39,0.9
535,9,4
536,15,2.2
536,39,1.5
536,9,6
537,15,1.6
537,39,1.0
537,9,4
538,15,1.7
538,39,1.1
538,9,5
539,28,4
539,26,1.1
539,14,11
539,39,1.1
540,28,5
540,26,2.3
540,14,6
541,15,1.7
541,39,1.1
541,9,4
542,15,1.7
542,39,1.1
542,9,5
543,15,1.1
543,16,1.1
544,15,2.2
544,39,1.5
544,9,6
545,15,1.5
545,39,1.0
545,9,4
546,15,1.5
546,39,1.0
546,9,4
547,9,9
547,10,6
547,11,6
