fault_code,material_id,typical_qty
М-01,34,4
М-01,38,3
М-01,10,8
М-01,39,1
М-02,1,1
М-02,15,0.5
М-02,39,0.5
М-03,6,6
М-03,8,2
М-03,39,0.5
М-04,36,3
М-04,37,1
М-04,15,0.3
М-05,9,6
М-05,10,4
М-05,11,4
М-06,35,1
М-06,26,1
М-06,27,0.5
Э-01,17,10
Э-01,18,4
Э-01,19,1
Э-02,3,2
Э-02,15,0.3
Э-02,39,0.5
Э-03,20,1
Э-03,25,2
Э-04,23,1
Э-04,24,1
Э-05,21,1
Э-05,22,1
Г-01,28,4
Г-01,26,1
Г-01,14,10
Г-01,39,1
Г-02,28,4
Г-02,26,2
Г-02,14,5
Г-03,29,2
Г-03,30,4
Г-03,14,20
П-01,30,2
П-01,40,1
П-01,28,2
П-02,31,1
П-02,32,1
П-03,5,2
П-03,12,5
П-03,28,2
С-01,15,1
С-01,16,1
С-02,12,20
С-02,13,20
С-02,39,1
С-03,30,2
С-03,29,1
С-03,15,2
